date,test,detection_rate,parameter_id,parameter,n_iterations,n_dayperson,scenario
2025-07-01,ad,0.0,1001,SIRI,1000,50,observed
2025-07-02,ad,0.0,1001,SIRI,1000,50,observed
2025-07-03,ad,0.0,1001,SIRI,1000,50,observed
2025-07-04,ad,0.0,1001,SIRI,1000,50,observed
2025-07-05,ad,0.0,1001,SIRI,1000,50,observed
2025-07-06,ad,0.0,1001,SIRI,1000,50,observed
2025-07-07,ad,0.0,1001,SIRI,1000,50,observed
2025-07-08,ad,0.0,1001,SIRI,1000,50,observed
2025-07-09,ad,0.0,1001,SIRI,1000,50,observed
2025-07-10,ad,0.0,1001,SIRI,1000,50,observed
2025-07-11,ad,0.0,1001,SIRI,1000,50,observed
2025-07-12,ad,0.0,1001,SIRI,1000,50,observed
2025-07-13,ad,0.0,1001,SIRI,1000,50,observed
2025-07-14,ad,0.0,1001,SIRI,1000,50,observed
2025-07-15,ad,0.0,1001,SIRI,1000,50,observed
2025-07-16,ad,0.022,1001,SIRI,1000,50,observed
2025-07-17,ad,0.007,1001,SIRI,1000,50,observed
2025-07-18,ad,0.009,1001,SIRI,1000,50,observed
2025-07-19,ad,0.011,1001,SIRI,1000,50,observed
2025-07-20,ad,0.014,1001,SIRI,1000,50,observed
2025-07-21,ad,0.025,1001,SIRI,1000,50,observed
2025-07-22,ad,0.024,1001,SIRI,1000,50,observed
2025-07-23,ad,0.018,1001,SIRI,1000,50,observed
2025-07-24,ad,0.015,1001,SIRI,1000,50,observed
2025-07-25,ad,0.017,1001,SIRI,1000,50,observed
2025-07-26,ad,0.016,1001,SIRI,1000,50,observed
2025-07-27,ad,0.013,1001,SIRI,1000,50,observed
2025-07-28,ad,0.018,1001,SIRI,1000,50,observed
2025-07-29,ad,0.019,1001,SIRI,1000,50,observed
2025-07-30,ad,0.015,1001,SIRI,1000,50,observed
2025-07-31,ad,0.02,1001,SIRI,1000,50,observed
2025-08-01,ad,0.019,1001,SIRI,1000,50,observed
2025-08-02,ad,0.017,1001,SIRI,1000,50,observed
2025-08-03,ad,0.019,1001,SIRI,1000,50,observed
2025-08-04,ad,0.015,1001,SIRI,1000,50,observed
2025-08-05,ad,0.015,1001,SIRI,1000,50,observed
2025-08-06,ad,0.015,1001,SIRI,1000,50,observed
2025-08-07,ad,0.014,1001,SIRI,1000,50,observed
2025-08-08,ad,0.018,1001,SIRI,1000,50,observed
2025-08-09,ad,0.014,1001,SIRI,1000,50,observed
2025-08-10,ad,0.011,1001,SIRI,1000,50,observed
2025-08-11,ad,0.008,1001,SIRI,1000,50,observed
2025-08-12,ad,0.006,1001,SIRI,1000,50,observed
2025-08-13,ad,0.011,1001,SIRI,1000,50,observed
2025-08-14,ad,0.005,1001,SIRI,1000,50,observed
2025-08-15,ad,0.007,1001,SIRI,1000,50,observed
2025-08-16,ad,0.004,1001,SIRI,1000,50,observed
2025-08-17,ad,0.003,1001,SIRI,1000,50,observed
2025-08-18,ad,0.012,1001,SIRI,1000,50,observed
2025-08-19,ad,0.01,1001,SIRI,1000,50,observed
2025-08-20,ad,0.007,1001,SIRI,1000,50,observed
2025-08-21,ad,0.007,1001,SIRI,1000,50,observed
2025-08-22,ad,0.006,1001,SIRI,1000,50,observed
2025-08-23,ad,0.01,1001,SIRI,1000,50,observed
2025-08-24,ad,0.014,1001,SIRI,1000,50,observed
2025-08-25,ad,0.012,1001,SIRI,1000,50,observed
2025-08-26,ad,0.014,1001,SIRI,1000,50,observed
2025-08-27,ad,0.016,1001,SIRI,1000,50,observed
2025-08-28,ad,0.019,1001,SIRI,1000,50,observed
2025-08-29,ad,0.015,1001,SIRI,1000,50,observed
2025-08-30,ad,0.011,1001,SIRI,1000,50,observed
2025-08-31,ad,0.012,1001,SIRI,1000,50,observed
2025-09-01,ad,0.013,1001,SIRI,1000,50,observed
2025-09-02,ad,0.015,1001,SIRI,1000,50,observed
2025-09-03,ad,0.017,1001,SIRI,1000,50,observed
2025-09-04,ad,0.029,1001,SIRI,1000,50,observed
2025-09-05,ad,0.041,1001,SIRI,1000,50,observed
2025-09-06,ad,0.079,1001,SIRI,1000,50,observed
2025-09-07,ad,0.096,1001,SIRI,1000,50,observed
2025-09-08,ad,0.113,1001,SIRI,1000,50,observed
2025-09-09,ad,0.157,1001,SIRI,1000,50,observed
2025-09-10,ad,0.273,1001,SIRI,1000,50,observed
2025-09-11,ad,0.296,1001,SIRI,1000,50,observed
2025-09-12,ad,0.37,1001,SIRI,1000,50,observed
2025-09-13,ad,0.45,1001,SIRI,1000,50,observed
2025-09-14,ad,0.476,1001,SIRI,1000,50,observed
2025-09-15,ad,0.555,1001,SIRI,1000,50,observed
2025-09-16,ad,0.536,1001,SIRI,1000,50,observed
2025-09-17,ad,0.539,1001,SIRI,1000,50,observed
2025-09-18,ad,0.484,1001,SIRI,1000,50,observed
2025-09-19,ad,0.422,1001,SIRI,1000,50,observed
2025-09-20,ad,0.34,1001,SIRI,1000,50,observed
2025-09-21,ad,0.334,1001,SIRI,1000,50,observed
2025-09-22,ad,0.278,1001,SIRI,1000,50,observed
2025-09-23,ad,0.204,1001,SIRI,1000,50,observed
2025-09-24,ad,0.129,1001,SIRI,1000,50,observed
2025-09-25,ad,0.104,1001,SIRI,1000,50,observed
2025-09-26,ad,0.067,1001,SIRI,1000,50,observed
2025-09-27,ad,0.049,1001,SIRI,1000,50,observed
2025-09-28,ad,0.038,1001,SIRI,1000,50,observed
2025-09-29,ad,0.031,1001,SIRI,1000,50,observed
2025-09-30,ad,0.028,1001,SIRI,1000,50,observed
2025-10-01,ad,0.017,1001,SIRI,1000,50,observed
2025-07-01,led,0.0,1001,SIRI,1000,50,observed
2025-07-02,led,0.0,1001,SIRI,1000,50,observed
2025-07-03,led,0.0,1001,SIRI,1000,50,observed
2025-07-04,led,0.0,1001,SIRI,1000,50,observed
2025-07-05,led,0.0,1001,SIRI,1000,50,observed
2025-07-06,led,0.0,1001,SIRI,1000,50,observed
2025-07-07,led,0.0,1001,SIRI,1000,50,observed
2025-07-08,led,0.0,1001,SIRI,1000,50,observed
2025-07-09,led,0.0,1001,SIRI,1000,50,observed
2025-07-10,led,0.0,1001,SIRI,1000,50,observed
2025-07-11,led,0.0,1001,SIRI,1000,50,observed
2025-07-12,led,0.0,1001,SIRI,1000,50,observed
2025-07-13,led,0.0,1001,SIRI,1000,50,observed
2025-07-14,led,0.0,1001,SIRI,1000,50,observed
2025-07-15,led,0.0,1001,SIRI,1000,50,observed
2025-07-16,led,0.0,1001,SIRI,1000,50,observed
2025-07-17,led,0.0,1001,SIRI,1000,50,observed
2025-07-18,led,0.0,1001,SIRI,1000,50,observed
2025-07-19,led,0.0,1001,SIRI,1000,50,observed
2025-07-20,led,0.0,1001,SIRI,1000,50,observed
2025-07-21,led,0.0,1001,SIRI,1000,50,observed
2025-07-22,led,0.0,1001,SIRI,1000,50,observed
2025-07-23,led,0.0,1001,SIRI,1000,50,observed
2025-07-24,led,0.0,1001,SIRI,1000,50,observed
2025-07-25,led,0.0,1001,SIRI,1000,50,observed
2025-07-26,led,0.0,1001,SIRI,1000,50,observed
2025-07-27,led,0.0,1001,SIRI,1000,50,observed
2025-07-28,led,0.0,1001,SIRI,1000,50,observed
2025-07-29,led,0.288,1001,SIRI,1000,50,observed
2025-07-30,led,0.296,1001,SIRI,1000,50,observed
2025-07-31,led,0.321,1001,SIRI,1000,50,observed
2025-08-01,led,0.336,1001,SIRI,1000,50,observed
2025-08-02,led,0.35,1001,SIRI,1000,50,observed
2025-08-03,led,0.349,1001,SIRI,1000,50,observed
2025-08-04,led,0.341,1001,SIRI,1000,50,observed
2025-08-05,led,0.339,1001,SIRI,1000,50,observed
2025-08-06,led,0.315,1001,SIRI,1000,50,observed
2025-08-07,led,0.298,1001,SIRI,1000,50,observed
2025-08-08,led,0.308,1001,SIRI,1000,50,observed
2025-08-09,led,0.308,1001,SIRI,1000,50,observed
2025-08-10,led,0.305,1001,SIRI,1000,50,observed
2025-08-11,led,0.301,1001,SIRI,1000,50,observed
2025-08-12,led,0.292,1001,SIRI,1000,50,observed
2025-08-13,led,0.286,1001,SIRI,1000,50,observed
2025-08-14,led,0.261,1001,SIRI,1000,50,observed
2025-08-15,led,0.249,1001,SIRI,1000,50,observed
2025-08-16,led,0.251,1001,SIRI,1000,50,observed
2025-08-17,led,0.242,1001,SIRI,1000,50,observed
2025-08-18,led,0.248,1001,SIRI,1000,50,observed
2025-08-19,led,0.249,1001,SIRI,1000,50,observed
2025-08-20,led,0.25,1001,SIRI,1000,50,observed
2025-08-21,led,0.252,1001,SIRI,1000,50,observed
2025-08-22,led,0.24,1001,SIRI,1000,50,observed
2025-08-23,led,0.237,1001,SIRI,1000,50,observed
2025-08-24,led,0.234,1001,SIRI,1000,50,observed
2025-08-25,led,0.237,1001,SIRI,1000,50,observed
2025-08-26,led,0.238,1001,SIRI,1000,50,observed
2025-08-27,led,0.251,1001,SIRI,1000,50,observed
2025-08-28,led,0.25,1001,SIRI,1000,50,observed
2025-08-29,led,0.25,1001,SIRI,1000,50,observed
2025-08-30,led,0.252,1001,SIRI,1000,50,observed
2025-08-31,led,0.265,1001,SIRI,1000,50,observed
2025-09-01,led,0.26,1001,SIRI,1000,50,observed
2025-09-02,led,0.252,1001,SIRI,1000,50,observed
2025-09-03,led,0.27,1001,SIRI,1000,50,observed
2025-09-04,led,0.301,1001,SIRI,1000,50,observed
2025-09-05,led,0.317,1001,SIRI,1000,50,observed
2025-09-06,led,0.367,1001,SIRI,1000,50,observed
2025-09-07,led,0.42,1001,SIRI,1000,50,observed
2025-09-08,led,0.452,1001,SIRI,1000,50,observed
2025-09-09,led,0.5,1001,SIRI,1000,50,observed
2025-09-10,led,0.541,1001,SIRI,1000,50,observed
2025-09-11,led,0.598,1001,SIRI,1000,50,observed
2025-09-12,led,0.681,1001,SIRI,1000,50,observed
2025-09-13,led,0.738,1001,SIRI,1000,50,observed
2025-09-14,led,0.797,1001,SIRI,1000,50,observed
2025-09-15,led,0.846,1001,SIRI,1000,50,observed
2025-09-16,led,0.899,1001,SIRI,1000,50,observed
2025-09-17,led,0.943,1001,SIRI,1000,50,observed
2025-09-18,led,0.957,1001,SIRI,1000,50,observed
2025-09-19,led,0.974,1001,SIRI,1000,50,observed
2025-09-20,led,0.978,1001,SIRI,1000,50,observed
2025-09-21,led,0.982,1001,SIRI,1000,50,observed
2025-09-22,led,0.986,1001,SIRI,1000,50,observed
2025-09-23,led,0.99,1001,SIRI,1000,50,observed
2025-09-24,led,0.985,1001,SIRI,1000,50,observed
2025-09-25,led,0.981,1001,SIRI,1000,50,observed
2025-09-26,led,0.983,1001,SIRI,1000,50,observed
2025-09-27,led,0.971,1001,SIRI,1000,50,observed
2025-09-28,led,0.966,1001,SIRI,1000,50,observed
2025-09-29,led,0.951,1001,SIRI,1000,50,observed
2025-09-30,led,0.931,1001,SIRI,1000,50,observed
2025-10-01,led,0.9,1001,SIRI,1000,50,observed
2025-09-01,ad,0.024,1001,SIRI,1000,50,true_negative
2025-09-02,ad,0.026,1001,SIRI,1000,50,true_negative
2025-09-03,ad,0.031,1001,SIRI,1000,50,true_negative
2025-09-04,ad,0.026,1001,SIRI,1000,50,true_negative
2025-09-05,ad,0.022,1001,SIRI,1000,50,true_negative
2025-09-06,ad,0.025,1001,SIRI,1000,50,true_negative
2025-09-07,ad,0.026,1001,SIRI,1000,50,true_negative
2025-09-08,ad,0.029,1001,SIRI,1000,50,true_negative
2025-09-09,ad,0.032,1001,SIRI,1000,50,true_negative
2025-09-10,ad,0.029,1001,SIRI,1000,50,true_negative
2025-09-11,ad,0.026,1001,SIRI,1000,50,true_negative
2025-09-12,ad,0.023,1001,SIRI,1000,50,true_negative
2025-09-13,ad,0.029,1001,SIRI,1000,50,true_negative
2025-09-14,ad,0.027,1001,SIRI,1000,50,true_negative
2025-09-15,ad,0.033,1001,SIRI,1000,50,true_negative
2025-09-01,led,0.434,1001,SIRI,1000,50,true_negative
2025-09-02,led,0.437,1001,SIRI,1000,50,true_negative
2025-09-03,led,0.428,1001,SIRI,1000,50,true_negative
2025-09-04,led,0.431,1001,SIRI,1000,50,true_negative
2025-09-05,led,0.43,1001,SIRI,1000,50,true_negative
2025-09-06,led,0.435,1001,SIRI,1000,50,true_negative
2025-09-07,led,0.443,1001,SIRI,1000,50,true_negative
2025-09-08,led,0.437,1001,SIRI,1000,50,true_negative
2025-09-09,led,0.443,1001,SIRI,1000,50,true_negative
2025-09-10,led,0.447,1001,SIRI,1000,50,true_negative
2025-09-11,led,0.444,1001,SIRI,1000,50,true_negative
2025-09-12,led,0.445,1001,SIRI,1000,50,true_negative
2025-09-13,led,0.456,1001,SIRI,1000,50,true_negative
2025-09-14,led,0.453,1001,SIRI,1000,50,true_negative
2025-09-15,led,0.452,1001,SIRI,1000,50,true_negative
2025-07-01,ad,0.0,1002,SII,1000,50,observed
2025-07-02,ad,0.0,1002,SII,1000,50,observed
2025-07-03,ad,0.0,1002,SII,1000,50,observed
2025-07-04,ad,0.0,1002,SII,1000,50,observed
2025-07-05,ad,0.0,1002,SII,1000,50,observed
2025-07-06,ad,0.0,1002,SII,1000,50,observed
2025-07-07,ad,0.0,1002,SII,1000,50,observed
2025-07-08,ad,0.0,1002,SII,1000,50,observed
2025-07-09,ad,0.0,1002,SII,1000,50,observed
2025-07-10,ad,0.0,1002,SII,1000,50,observed
2025-07-11,ad,0.0,1002,SII,1000,50,observed
2025-07-12,ad,0.0,1002,SII,1000,50,observed
2025-07-13,ad,0.0,1002,SII,1000,50,observed
2025-07-14,ad,0.0,1002,SII,1000,50,observed
2025-07-15,ad,0.0,1002,SII,1000,50,observed
2025-07-16,ad,0.01,1002,SII,1000,50,observed
2025-07-17,ad,0.006,1002,SII,1000,50,observed
2025-07-18,ad,0.008,1002,SII,1000,50,observed
2025-07-19,ad,0.007,1002,SII,1000,50,observed
2025-07-20,ad,0.009,1002,SII,1000,50,observed
2025-07-21,ad,0.009,1002,SII,1000,50,observed
2025-07-22,ad,0.01,1002,SII,1000,50,observed
2025-07-23,ad,0.016,1002,SII,1000,50,observed
2025-07-24,ad,0.015,1002,SII,1000,50,observed
2025-07-25,ad,0.014,1002,SII,1000,50,observed
2025-07-26,ad,0.012,1002,SII,1000,50,observed
2025-07-27,ad,0.018,1002,SII,1000,50,observed
2025-07-28,ad,0.025,1002,SII,1000,50,observed
2025-07-29,ad,0.024,1002,SII,1000,50,observed
2025-07-30,ad,0.03,1002,SII,1000,50,observed
2025-07-31,ad,0.026,1002,SII,1000,50,observed
2025-08-01,ad,0.022,1002,SII,1000,50,observed
2025-08-02,ad,0.017,1002,SII,1000,50,observed
2025-08-03,ad,0.019,1002,SII,1000,50,observed
2025-08-04,ad,0.014,1002,SII,1000,50,observed
2025-08-05,ad,0.01,1002,SII,1000,50,observed
2025-08-06,ad,0.012,1002,SII,1000,50,observed
2025-08-07,ad,0.013,1002,SII,1000,50,observed
2025-08-08,ad,0.01,1002,SII,1000,50,observed
2025-08-09,ad,0.006,1002,SII,1000,50,observed
2025-08-10,ad,0.005,1002,SII,1000,50,observed
2025-08-11,ad,0.003,1002,SII,1000,50,observed
2025-08-12,ad,0.005,1002,SII,1000,50,observed
2025-08-13,ad,0.007,1002,SII,1000,50,observed
2025-08-14,ad,0.009,1002,SII,1000,50,observed
2025-08-15,ad,0.01,1002,SII,1000,50,observed
2025-08-16,ad,0.009,1002,SII,1000,50,observed
2025-08-17,ad,0.007,1002,SII,1000,50,observed
2025-08-18,ad,0.018,1002,SII,1000,50,observed
2025-08-19,ad,0.022,1002,SII,1000,50,observed
2025-08-20,ad,0.023,1002,SII,1000,50,observed
2025-08-21,ad,0.035,1002,SII,1000,50,observed
2025-08-22,ad,0.03,1002,SII,1000,50,observed
2025-08-23,ad,0.023,1002,SII,1000,50,observed
2025-08-24,ad,0.028,1002,SII,1000,50,observed
2025-08-25,ad,0.033,1002,SII,1000,50,observed
2025-08-26,ad,0.056,1002,SII,1000,50,observed
2025-08-27,ad,0.024,1002,SII,1000,50,observed
2025-08-28,ad,0.036,1002,SII,1000,50,observed
2025-08-29,ad,0.035,1002,SII,1000,50,observed
2025-08-30,ad,0.035,1002,SII,1000,50,observed
2025-08-31,ad,0.029,1002,SII,1000,50,observed
2025-09-01,ad,0.012,1002,SII,1000,50,observed
2025-09-02,ad,0.023,1002,SII,1000,50,observed
2025-09-03,ad,0.023,1002,SII,1000,50,observed
2025-09-04,ad,0.025,1002,SII,1000,50,observed
2025-09-05,ad,0.044,1002,SII,1000,50,observed
2025-09-06,ad,0.079,1002,SII,1000,50,observed
2025-09-07,ad,0.097,1002,SII,1000,50,observed
2025-09-08,ad,0.117,1002,SII,1000,50,observed
2025-09-09,ad,0.132,1002,SII,1000,50,observed
2025-09-10,ad,0.222,1002,SII,1000,50,observed
2025-09-11,ad,0.248,1002,SII,1000,50,observed
2025-09-12,ad,0.297,1002,SII,1000,50,observed
2025-09-13,ad,0.427,1002,SII,1000,50,observed
2025-09-14,ad,0.444,1002,SII,1000,50,observed
2025-09-15,ad,0.552,1002,SII,1000,50,observed
2025-09-16,ad,0.559,1002,SII,1000,50,observed
2025-09-17,ad,0.583,1002,SII,1000,50,observed
2025-09-18,ad,0.576,1002,SII,1000,50,observed
2025-09-19,ad,0.506,1002,SII,1000,50,observed
2025-09-20,ad,0.421,1002,SII,1000,50,observed
2025-09-21,ad,0.427,1002,SII,1000,50,observed
2025-09-22,ad,0.376,1002,SII,1000,50,observed
2025-09-23,ad,0.31,1002,SII,1000,50,observed
2025-09-24,ad,0.249,1002,SII,1000,50,observed
2025-09-25,ad,0.188,1002,SII,1000,50,observed
2025-09-26,ad,0.158,1002,SII,1000,50,observed
2025-09-27,ad,0.1,1002,SII,1000,50,observed
2025-09-28,ad,0.08,1002,SII,1000,50,observed
2025-09-29,ad,0.063,1002,SII,1000,50,observed
2025-09-30,ad,0.063,1002,SII,1000,50,observed
2025-10-01,ad,0.047,1002,SII,1000,50,observed
2025-07-01,led,0.0,1002,SII,1000,50,observed
2025-07-02,led,0.0,1002,SII,1000,50,observed
2025-07-03,led,0.0,1002,SII,1000,50,observed
2025-07-04,led,0.0,1002,SII,1000,50,observed
2025-07-05,led,0.0,1002,SII,1000,50,observed
2025-07-06,led,0.0,1002,SII,1000,50,observed
2025-07-07,led,0.0,1002,SII,1000,50,observed
2025-07-08,led,0.0,1002,SII,1000,50,observed
2025-07-09,led,0.0,1002,SII,1000,50,observed
2025-07-10,led,0.0,1002,SII,1000,50,observed
2025-07-11,led,0.0,1002,SII,1000,50,observed
2025-07-12,led,0.0,1002,SII,1000,50,observed
2025-07-13,led,0.0,1002,SII,1000,50,observed
2025-07-14,led,0.0,1002,SII,1000,50,observed
2025-07-15,led,0.0,1002,SII,1000,50,observed
2025-07-16,led,0.0,1002,SII,1000,50,observed
2025-07-17,led,0.0,1002,SII,1000,50,observed
2025-07-18,led,0.0,1002,SII,1000,50,observed
2025-07-19,led,0.0,1002,SII,1000,50,observed
2025-07-20,led,0.0,1002,SII,1000,50,observed
2025-07-21,led,0.0,1002,SII,1000,50,observed
2025-07-22,led,0.0,1002,SII,1000,50,observed
2025-07-23,led,0.0,1002,SII,1000,50,observed
2025-07-24,led,0.0,1002,SII,1000,50,observed
2025-07-25,led,0.0,1002,SII,1000,50,observed
2025-07-26,led,0.0,1002,SII,1000,50,observed
2025-07-27,led,0.0,1002,SII,1000,50,observed
2025-07-28,led,0.0,1002,SII,1000,50,observed
2025-07-29,led,0.261,1002,SII,1000,50,observed
2025-07-30,led,0.292,1002,SII,1000,50,observed
2025-07-31,led,0.33,1002,SII,1000,50,observed
2025-08-01,led,0.368,1002,SII,1000,50,observed
2025-08-02,led,0.355,1002,SII,1000,50,observed
2025-08-03,led,0.35,1002,SII,1000,50,observed
2025-08-04,led,0.349,1002,SII,1000,50,observed
2025-08-05,led,0.344,1002,SII,1000,50,observed
2025-08-06,led,0.333,1002,SII,1000,50,observed
2025-08-07,led,0.318,1002,SII,1000,50,observed
2025-08-08,led,0.3,1002,SII,1000,50,observed
2025-08-09,led,0.283,1002,SII,1000,50,observed
2025-08-10,led,0.265,1002,SII,1000,50,observed
2025-08-11,led,0.262,1002,SII,1000,50,observed
2025-08-12,led,0.231,1002,SII,1000,50,observed
2025-08-13,led,0.222,1002,SII,1000,50,observed
2025-08-14,led,0.213,1002,SII,1000,50,observed
2025-08-15,led,0.209,1002,SII,1000,50,observed
2025-08-16,led,0.197,1002,SII,1000,50,observed
2025-08-17,led,0.199,1002,SII,1000,50,observed
2025-08-18,led,0.221,1002,SII,1000,50,observed
2025-08-19,led,0.234,1002,SII,1000,50,observed
2025-08-20,led,0.232,1002,SII,1000,50,observed
2025-08-21,led,0.263,1002,SII,1000,50,observed
2025-08-22,led,0.273,1002,SII,1000,50,observed
2025-08-23,led,0.274,1002,SII,1000,50,observed
2025-08-24,led,0.291,1002,SII,1000,50,observed
2025-08-25,led,0.304,1002,SII,1000,50,observed
2025-08-26,led,0.326,1002,SII,1000,50,observed
2025-08-27,led,0.342,1002,SII,1000,50,observed
2025-08-28,led,0.382,1002,SII,1000,50,observed
2025-08-29,led,0.402,1002,SII,1000,50,observed
2025-08-30,led,0.425,1002,SII,1000,50,observed
2025-08-31,led,0.439,1002,SII,1000,50,observed
2025-09-01,led,0.448,1002,SII,1000,50,observed
2025-09-02,led,0.464,1002,SII,1000,50,observed
2025-09-03,led,0.461,1002,SII,1000,50,observed
2025-09-04,led,0.482,1002,SII,1000,50,observed
2025-09-05,led,0.499,1002,SII,1000,50,observed
2025-09-06,led,0.526,1002,SII,1000,50,observed
2025-09-07,led,0.543,1002,SII,1000,50,observed
2025-09-08,led,0.569,1002,SII,1000,50,observed
2025-09-09,led,0.587,1002,SII,1000,50,observed
2025-09-10,led,0.637,1002,SII,1000,50,observed
2025-09-11,led,0.684,1002,SII,1000,50,observed
2025-09-12,led,0.715,1002,SII,1000,50,observed
2025-09-13,led,0.765,1002,SII,1000,50,observed
2025-09-14,led,0.82,1002,SII,1000,50,observed
2025-09-15,led,0.873,1002,SII,1000,50,observed
2025-09-16,led,0.897,1002,SII,1000,50,observed
2025-09-17,led,0.936,1002,SII,1000,50,observed
2025-09-18,led,0.954,1002,SII,1000,50,observed
2025-09-19,led,0.969,1002,SII,1000,50,observed
2025-09-20,led,0.974,1002,SII,1000,50,observed
2025-09-21,led,0.982,1002,SII,1000,50,observed
2025-09-22,led,0.985,1002,SII,1000,50,observed
2025-09-23,led,0.988,1002,SII,1000,50,observed
2025-09-24,led,0.984,1002,SII,1000,50,observed
2025-09-25,led,0.989,1002,SII,1000,50,observed
2025-09-26,led,0.988,1002,SII,1000,50,observed
2025-09-27,led,0.984,1002,SII,1000,50,observed
2025-09-28,led,0.98,1002,SII,1000,50,observed
2025-09-29,led,0.972,1002,SII,1000,50,observed
2025-09-30,led,0.959,1002,SII,1000,50,observed
2025-10-01,led,0.946,1002,SII,1000,50,observed
2025-09-01,ad,0.022,1002,SII,1000,50,true_negative
2025-09-02,ad,0.023,1002,SII,1000,50,true_negative
2025-09-03,ad,0.028,1002,SII,1000,50,true_negative
2025-09-04,ad,0.021,1002,SII,1000,50,true_negative
2025-09-05,ad,0.022,1002,SII,1000,50,true_negative
2025-09-06,ad,0.019,1002,SII,1000,50,true_negative
2025-09-07,ad,0.022,1002,SII,1000,50,true_negative
2025-09-08,ad,0.027,1002,SII,1000,50,true_negative
2025-09-09,ad,0.029,1002,SII,1000,50,true_negative
2025-09-10,ad,0.026,1002,SII,1000,50,true_negative
2025-09-11,ad,0.029,1002,SII,1000,50,true_negative
2025-09-12,ad,0.021,1002,SII,1000,50,true_negative
2025-09-13,ad,0.023,1002,SII,1000,50,true_negative
2025-09-14,ad,0.024,1002,SII,1000,50,true_negative
2025-09-15,ad,0.027,1002,SII,1000,50,true_negative
2025-09-01,led,0.452,1002,SII,1000,50,true_negative
2025-09-02,led,0.44,1002,SII,1000,50,true_negative
2025-09-03,led,0.437,1002,SII,1000,50,true_negative
2025-09-04,led,0.441,1002,SII,1000,50,true_negative
2025-09-05,led,0.443,1002,SII,1000,50,true_negative
2025-09-06,led,0.441,1002,SII,1000,50,true_negative
2025-09-07,led,0.423,1002,SII,1000,50,true_negative
2025-09-08,led,0.431,1002,SII,1000,50,true_negative
2025-09-09,led,0.425,1002,SII,1000,50,true_negative
2025-09-10,led,0.426,1002,SII,1000,50,true_negative
2025-09-11,led,0.418,1002,SII,1000,50,true_negative
2025-09-12,led,0.421,1002,SII,1000,50,true_negative
2025-09-13,led,0.424,1002,SII,1000,50,true_negative
2025-09-14,led,0.432,1002,SII,1000,50,true_negative
2025-09-15,led,0.432,1002,SII,1000,50,true_negative
2025-07-01,ad,0.0,1003,AISI,1000,50,observed
2025-07-02,ad,0.0,1003,AISI,1000,50,observed
2025-07-03,ad,0.0,1003,AISI,1000,50,observed
2025-07-04,ad,0.0,1003,AISI,1000,50,observed
2025-07-05,ad,0.0,1003,AISI,1000,50,observed
2025-07-06,ad,0.0,1003,AISI,1000,50,observed
2025-07-07,ad,0.0,1003,AISI,1000,50,observed
2025-07-08,ad,0.0,1003,AISI,1000,50,observed
2025-07-09,ad,0.0,1003,AISI,1000,50,observed
2025-07-10,ad,0.0,1003,AISI,1000,50,observed
2025-07-11,ad,0.0,1003,AISI,1000,50,observed
2025-07-12,ad,0.0,1003,AISI,1000,50,observed
2025-07-13,ad,0.0,1003,AISI,1000,50,observed
2025-07-14,ad,0.0,1003,AISI,1000,50,observed
2025-07-15,ad,0.0,1003,AISI,1000,50,observed
2025-07-16,ad,0.02,1003,AISI,1000,50,observed
2025-07-17,ad,0.003,1003,AISI,1000,50,observed
2025-07-18,ad,0.01,1003,AISI,1000,50,observed
2025-07-19,ad,0.009,1003,AISI,1000,50,observed
2025-07-20,ad,0.014,1003,AISI,1000,50,observed
2025-07-21,ad,0.014,1003,AISI,1000,50,observed
2025-07-22,ad,0.015,1003,AISI,1000,50,observed
2025-07-23,ad,0.02,1003,AISI,1000,50,observed
2025-07-24,ad,0.011,1003,AISI,1000,50,observed
2025-07-25,ad,0.009,1003,AISI,1000,50,observed
2025-07-26,ad,0.011,1003,AISI,1000,50,observed
2025-07-27,ad,0.01,1003,AISI,1000,50,observed
2025-07-28,ad,0.021,1003,AISI,1000,50,observed
2025-07-29,ad,0.021,1003,AISI,1000,50,observed
2025-07-30,ad,0.019,1003,AISI,1000,50,observed
2025-07-31,ad,0.03,1003,AISI,1000,50,observed
2025-08-01,ad,0.028,1003,AISI,1000,50,observed
2025-08-02,ad,0.015,1003,AISI,1000,50,observed
2025-08-03,ad,0.016,1003,AISI,1000,50,observed
2025-08-04,ad,0.01,1003,AISI,1000,50,observed
2025-08-05,ad,0.008,1003,AISI,1000,50,observed
2025-08-06,ad,0.007,1003,AISI,1000,50,observed
2025-08-07,ad,0.006,1003,AISI,1000,50,observed
2025-08-08,ad,0.005,1003,AISI,1000,50,observed
2025-08-09,ad,0.006,1003,AISI,1000,50,observed
2025-08-10,ad,0.006,1003,AISI,1000,50,observed
2025-08-11,ad,0.006,1003,AISI,1000,50,observed
2025-08-12,ad,0.002,1003,AISI,1000,50,observed
2025-08-13,ad,0.002,1003,AISI,1000,50,observed
2025-08-14,ad,0.001,1003,AISI,1000,50,observed
2025-08-15,ad,0.004,1003,AISI,1000,50,observed
2025-08-16,ad,0.005,1003,AISI,1000,50,observed
2025-08-17,ad,0.006,1003,AISI,1000,50,observed
2025-08-18,ad,0.017,1003,AISI,1000,50,observed
2025-08-19,ad,0.02,1003,AISI,1000,50,observed
2025-08-20,ad,0.025,1003,AISI,1000,50,observed
2025-08-21,ad,0.028,1003,AISI,1000,50,observed
2025-08-22,ad,0.025,1003,AISI,1000,50,observed
2025-08-23,ad,0.028,1003,AISI,1000,50,observed
2025-08-24,ad,0.034,1003,AISI,1000,50,observed
2025-08-25,ad,0.042,1003,AISI,1000,50,observed
2025-08-26,ad,0.047,1003,AISI,1000,50,observed
2025-08-27,ad,0.04,1003,AISI,1000,50,observed
2025-08-28,ad,0.046,1003,AISI,1000,50,observed
2025-08-29,ad,0.051,1003,AISI,1000,50,observed
2025-08-30,ad,0.051,1003,AISI,1000,50,observed
2025-08-31,ad,0.049,1003,AISI,1000,50,observed
2025-09-01,ad,0.038,1003,AISI,1000,50,observed
2025-09-02,ad,0.046,1003,AISI,1000,50,observed
2025-09-03,ad,0.057,1003,AISI,1000,50,observed
2025-09-04,ad,0.059,1003,AISI,1000,50,observed
2025-09-05,ad,0.081,1003,AISI,1000,50,observed
2025-09-06,ad,0.097,1003,AISI,1000,50,observed
2025-09-07,ad,0.101,1003,AISI,1000,50,observed
2025-09-08,ad,0.124,1003,AISI,1000,50,observed
2025-09-09,ad,0.146,1003,AISI,1000,50,observed
2025-09-10,ad,0.243,1003,AISI,1000,50,observed
2025-09-11,ad,0.251,1003,AISI,1000,50,observed
2025-09-12,ad,0.256,1003,AISI,1000,50,observed
2025-09-13,ad,0.33,1003,AISI,1000,50,observed
2025-09-14,ad,0.338,1003,AISI,1000,50,observed
2025-09-15,ad,0.421,1003,AISI,1000,50,observed
2025-09-16,ad,0.404,1003,AISI,1000,50,observed
2025-09-17,ad,0.42,1003,AISI,1000,50,observed
2025-09-18,ad,0.402,1003,AISI,1000,50,observed
2025-09-19,ad,0.363,1003,AISI,1000,50,observed
2025-09-20,ad,0.293,1003,AISI,1000,50,observed
2025-09-21,ad,0.292,1003,AISI,1000,50,observed
2025-09-22,ad,0.278,1003,AISI,1000,50,observed
2025-09-23,ad,0.228,1003,AISI,1000,50,observed
2025-09-24,ad,0.17,1003,AISI,1000,50,observed
2025-09-25,ad,0.162,1003,AISI,1000,50,observed
2025-09-26,ad,0.124,1003,AISI,1000,50,observed
2025-09-27,ad,0.097,1003,AISI,1000,50,observed
2025-09-28,ad,0.077,1003,AISI,1000,50,observed
2025-09-29,ad,0.06,1003,AISI,1000,50,observed
2025-09-30,ad,0.067,1003,AISI,1000,50,observed
2025-10-01,ad,0.035,1003,AISI,1000,50,observed
2025-07-01,led,0.0,1003,AISI,1000,50,observed
2025-07-02,led,0.0,1003,AISI,1000,50,observed
2025-07-03,led,0.0,1003,AISI,1000,50,observed
2025-07-04,led,0.0,1003,AISI,1000,50,observed
2025-07-05,led,0.0,1003,AISI,1000,50,observed
2025-07-06,led,0.0,1003,AISI,1000,50,observed
2025-07-07,led,0.0,1003,AISI,1000,50,observed
2025-07-08,led,0.0,1003,AISI,1000,50,observed
2025-07-09,led,0.0,1003,AISI,1000,50,observed
2025-07-10,led,0.0,1003,AISI,1000,50,observed
2025-07-11,led,0.0,1003,AISI,1000,50,observed
2025-07-12,led,0.0,1003,AISI,1000,50,observed
2025-07-13,led,0.0,1003,AISI,1000,50,observed
2025-07-14,led,0.0,1003,AISI,1000,50,observed
2025-07-15,led,0.0,1003,AISI,1000,50,observed
2025-07-16,led,0.0,1003,AISI,1000,50,observed
2025-07-17,led,0.0,1003,AISI,1000,50,observed
2025-07-18,led,0.0,1003,AISI,1000,50,observed
2025-07-19,led,0.0,1003,AISI,1000,50,observed
2025-07-20,led,0.0,1003,AISI,1000,50,observed
2025-07-21,led,0.0,1003,AISI,1000,50,observed
2025-07-22,led,0.0,1003,AISI,1000,50,observed
2025-07-23,led,0.0,1003,AISI,1000,50,observed
2025-07-24,led,0.0,1003,AISI,1000,50,observed
2025-07-25,led,0.0,1003,AISI,1000,50,observed
2025-07-26,led,0.0,1003,AISI,1000,50,observed
2025-07-27,led,0.0,1003,AISI,1000,50,observed
2025-07-28,led,0.0,1003,AISI,1000,50,observed
2025-07-29,led,0.266,1003,AISI,1000,50,observed
2025-07-30,led,0.274,1003,AISI,1000,50,observed
2025-07-31,led,0.311,1003,AISI,1000,50,observed
2025-08-01,led,0.324,1003,AISI,1000,50,observed
2025-08-02,led,0.346,1003,AISI,1000,50,observed
2025-08-03,led,0.343,1003,AISI,1000,50,observed
2025-08-04,led,0.321,1003,AISI,1000,50,observed
2025-08-05,led,0.311,1003,AISI,1000,50,observed
2025-08-06,led,0.308,1003,AISI,1000,50,observed
2025-08-07,led,0.294,1003,AISI,1000,50,observed
2025-08-08,led,0.301,1003,AISI,1000,50,observed
2025-08-09,led,0.276,1003,AISI,1000,50,observed
2025-08-10,led,0.27,1003,AISI,1000,50,observed
2025-08-11,led,0.264,1003,AISI,1000,50,observed
2025-08-12,led,0.238,1003,AISI,1000,50,observed
2025-08-13,led,0.232,1003,AISI,1000,50,observed
2025-08-14,led,0.215,1003,AISI,1000,50,observed
2025-08-15,led,0.206,1003,AISI,1000,50,observed
2025-08-16,led,0.191,1003,AISI,1000,50,observed
2025-08-17,led,0.191,1003,AISI,1000,50,observed
2025-08-18,led,0.19,1003,AISI,1000,50,observed
2025-08-19,led,0.209,1003,AISI,1000,50,observed
2025-08-20,led,0.201,1003,AISI,1000,50,observed
2025-08-21,led,0.212,1003,AISI,1000,50,observed
2025-08-22,led,0.212,1003,AISI,1000,50,observed
2025-08-23,led,0.236,1003,AISI,1000,50,observed
2025-08-24,led,0.228,1003,AISI,1000,50,observed
2025-08-25,led,0.237,1003,AISI,1000,50,observed
2025-08-26,led,0.269,1003,AISI,1000,50,observed
2025-08-27,led,0.294,1003,AISI,1000,50,observed
2025-08-28,led,0.323,1003,AISI,1000,50,observed
2025-08-29,led,0.356,1003,AISI,1000,50,observed
2025-08-30,led,0.38,1003,AISI,1000,50,observed
2025-08-31,led,0.424,1003,AISI,1000,50,observed
2025-09-01,led,0.426,1003,AISI,1000,50,observed
2025-09-02,led,0.457,1003,AISI,1000,50,observed
2025-09-03,led,0.481,1003,AISI,1000,50,observed
2025-09-04,led,0.517,1003,AISI,1000,50,observed
2025-09-05,led,0.542,1003,AISI,1000,50,observed
2025-09-06,led,0.574,1003,AISI,1000,50,observed
2025-09-07,led,0.623,1003,AISI,1000,50,observed
2025-09-08,led,0.659,1003,AISI,1000,50,observed
2025-09-09,led,0.682,1003,AISI,1000,50,observed
2025-09-10,led,0.718,1003,AISI,1000,50,observed
2025-09-11,led,0.753,1003,AISI,1000,50,observed
2025-09-12,led,0.78,1003,AISI,1000,50,observed
2025-09-13,led,0.814,1003,AISI,1000,50,observed
2025-09-14,led,0.85,1003,AISI,1000,50,observed
2025-09-15,led,0.872,1003,AISI,1000,50,observed
2025-09-16,led,0.895,1003,AISI,1000,50,observed
2025-09-17,led,0.92,1003,AISI,1000,50,observed
2025-09-18,led,0.936,1003,AISI,1000,50,observed
2025-09-19,led,0.949,1003,AISI,1000,50,observed
2025-09-20,led,0.956,1003,AISI,1000,50,observed
2025-09-21,led,0.962,1003,AISI,1000,50,observed
2025-09-22,led,0.964,1003,AISI,1000,50,observed
2025-09-23,led,0.97,1003,AISI,1000,50,observed
2025-09-24,led,0.973,1003,AISI,1000,50,observed
2025-09-25,led,0.969,1003,AISI,1000,50,observed
2025-09-26,led,0.969,1003,AISI,1000,50,observed
2025-09-27,led,0.962,1003,AISI,1000,50,observed
2025-09-28,led,0.951,1003,AISI,1000,50,observed
2025-09-29,led,0.938,1003,AISI,1000,50,observed
2025-09-30,led,0.925,1003,AISI,1000,50,observed
2025-10-01,led,0.898,1003,AISI,1000,50,observed
2025-09-01,ad,0.021,1003,AISI,1000,50,true_negative
2025-09-02,ad,0.025,1003,AISI,1000,50,true_negative
2025-09-03,ad,0.025,1003,AISI,1000,50,true_negative
2025-09-04,ad,0.027,1003,AISI,1000,50,true_negative
2025-09-05,ad,0.024,1003,AISI,1000,50,true_negative
2025-09-06,ad,0.026,1003,AISI,1000,50,true_negative
2025-09-07,ad,0.016,1003,AISI,1000,50,true_negative
2025-09-08,ad,0.013,1003,AISI,1000,50,true_negative
2025-09-09,ad,0.015,1003,AISI,1000,50,true_negative
2025-09-10,ad,0.021,1003,AISI,1000,50,true_negative
2025-09-11,ad,0.02,1003,AISI,1000,50,true_negative
2025-09-12,ad,0.027,1003,AISI,1000,50,true_negative
2025-09-13,ad,0.028,1003,AISI,1000,50,true_negative
2025-09-14,ad,0.024,1003,AISI,1000,50,true_negative
2025-09-15,ad,0.025,1003,AISI,1000,50,true_negative
2025-09-01,led,0.445,1003,AISI,1000,50,true_negative
2025-09-02,led,0.439,1003,AISI,1000,50,true_negative
2025-09-03,led,0.432,1003,AISI,1000,50,true_negative
2025-09-04,led,0.434,1003,AISI,1000,50,true_negative
2025-09-05,led,0.422,1003,AISI,1000,50,true_negative
2025-09-06,led,0.423,1003,AISI,1000,50,true_negative
2025-09-07,led,0.425,1003,AISI,1000,50,true_negative
2025-09-08,led,0.414,1003,AISI,1000,50,true_negative
2025-09-09,led,0.42,1003,AISI,1000,50,true_negative
2025-09-10,led,0.412,1003,AISI,1000,50,true_negative
2025-09-11,led,0.414,1003,AISI,1000,50,true_negative
2025-09-12,led,0.414,1003,AISI,1000,50,true_negative
2025-09-13,led,0.4,1003,AISI,1000,50,true_negative
2025-09-14,led,0.397,1003,AISI,1000,50,true_negative
2025-09-15,led,0.402,1003,AISI,1000,50,true_negative
2025-07-01,ad,0.0,1009,NLR,1000,50,observed
2025-07-02,ad,0.0,1009,NLR,1000,50,observed
2025-07-03,ad,0.0,1009,NLR,1000,50,observed
2025-07-04,ad,0.0,1009,NLR,1000,50,observed
2025-07-05,ad,0.0,1009,NLR,1000,50,observed
2025-07-06,ad,0.0,1009,NLR,1000,50,observed
2025-07-07,ad,0.0,1009,NLR,1000,50,observed
2025-07-08,ad,0.0,1009,NLR,1000,50,observed
2025-07-09,ad,0.0,1009,NLR,1000,50,observed
2025-07-10,ad,0.0,1009,NLR,1000,50,observed
2025-07-11,ad,0.0,1009,NLR,1000,50,observed
2025-07-12,ad,0.0,1009,NLR,1000,50,observed
2025-07-13,ad,0.0,1009,NLR,1000,50,observed
2025-07-14,ad,0.0,1009,NLR,1000,50,observed
2025-07-15,ad,0.0,1009,NLR,1000,50,observed
2025-07-16,ad,0.013,1009,NLR,1000,50,observed
2025-07-17,ad,0.009,1009,NLR,1000,50,observed
2025-07-18,ad,0.007,1009,NLR,1000,50,observed
2025-07-19,ad,0.005,1009,NLR,1000,50,observed
2025-07-20,ad,0.011,1009,NLR,1000,50,observed
2025-07-21,ad,0.02,1009,NLR,1000,50,observed
2025-07-22,ad,0.024,1009,NLR,1000,50,observed
2025-07-23,ad,0.019,1009,NLR,1000,50,observed
2025-07-24,ad,0.016,1009,NLR,1000,50,observed
2025-07-25,ad,0.023,1009,NLR,1000,50,observed
2025-07-26,ad,0.024,1009,NLR,1000,50,observed
2025-07-27,ad,0.025,1009,NLR,1000,50,observed
2025-07-28,ad,0.029,1009,NLR,1000,50,observed
2025-07-29,ad,0.034,1009,NLR,1000,50,observed
2025-07-30,ad,0.032,1009,NLR,1000,50,observed
2025-07-31,ad,0.031,1009,NLR,1000,50,observed
2025-08-01,ad,0.031,1009,NLR,1000,50,observed
2025-08-02,ad,0.02,1009,NLR,1000,50,observed
2025-08-03,ad,0.019,1009,NLR,1000,50,observed
2025-08-04,ad,0.011,1009,NLR,1000,50,observed
2025-08-05,ad,0.012,1009,NLR,1000,50,observed
2025-08-06,ad,0.008,1009,NLR,1000,50,observed
2025-08-07,ad,0.015,1009,NLR,1000,50,observed
2025-08-08,ad,0.011,1009,NLR,1000,50,observed
2025-08-09,ad,0.016,1009,NLR,1000,50,observed
2025-08-10,ad,0.011,1009,NLR,1000,50,observed
2025-08-11,ad,0.01,1009,NLR,1000,50,observed
2025-08-12,ad,0.007,1009,NLR,1000,50,observed
2025-08-13,ad,0.014,1009,NLR,1000,50,observed
2025-08-14,ad,0.01,1009,NLR,1000,50,observed
2025-08-15,ad,0.013,1009,NLR,1000,50,observed
2025-08-16,ad,0.011,1009,NLR,1000,50,observed
2025-08-17,ad,0.006,1009,NLR,1000,50,observed
2025-08-18,ad,0.02,1009,NLR,1000,50,observed
2025-08-19,ad,0.014,1009,NLR,1000,50,observed
2025-08-20,ad,0.017,1009,NLR,1000,50,observed
2025-08-21,ad,0.02,1009,NLR,1000,50,observed
2025-08-22,ad,0.015,1009,NLR,1000,50,observed
2025-08-23,ad,0.009,1009,NLR,1000,50,observed
2025-08-24,ad,0.013,1009,NLR,1000,50,observed
2025-08-25,ad,0.016,1009,NLR,1000,50,observed
2025-08-26,ad,0.021,1009,NLR,1000,50,observed
2025-08-27,ad,0.008,1009,NLR,1000,50,observed
2025-08-28,ad,0.006,1009,NLR,1000,50,observed
2025-08-29,ad,0.012,1009,NLR,1000,50,observed
2025-08-30,ad,0.005,1009,NLR,1000,50,observed
2025-08-31,ad,0.006,1009,NLR,1000,50,observed
2025-09-01,ad,0.002,1009,NLR,1000,50,observed
2025-09-02,ad,0.005,1009,NLR,1000,50,observed
2025-09-03,ad,0.009,1009,NLR,1000,50,observed
2025-09-04,ad,0.011,1009,NLR,1000,50,observed
2025-09-05,ad,0.025,1009,NLR,1000,50,observed
2025-09-06,ad,0.055,1009,NLR,1000,50,observed
2025-09-07,ad,0.067,1009,NLR,1000,50,observed
2025-09-08,ad,0.096,1009,NLR,1000,50,observed
2025-09-09,ad,0.133,1009,NLR,1000,50,observed
2025-09-10,ad,0.234,1009,NLR,1000,50,observed
2025-09-11,ad,0.281,1009,NLR,1000,50,observed
2025-09-12,ad,0.381,1009,NLR,1000,50,observed
2025-09-13,ad,0.532,1009,NLR,1000,50,observed
2025-09-14,ad,0.582,1009,NLR,1000,50,observed
2025-09-15,ad,0.676,1009,NLR,1000,50,observed
2025-09-16,ad,0.649,1009,NLR,1000,50,observed
2025-09-17,ad,0.66,1009,NLR,1000,50,observed
2025-09-18,ad,0.626,1009,NLR,1000,50,observed
2025-09-19,ad,0.512,1009,NLR,1000,50,observed
2025-09-20,ad,0.434,1009,NLR,1000,50,observed
2025-09-21,ad,0.454,1009,NLR,1000,50,observed
2025-09-22,ad,0.398,1009,NLR,1000,50,observed
2025-09-23,ad,0.278,1009,NLR,1000,50,observed
2025-09-24,ad,0.197,1009,NLR,1000,50,observed
2025-09-25,ad,0.147,1009,NLR,1000,50,observed
2025-09-26,ad,0.087,1009,NLR,1000,50,observed
2025-09-27,ad,0.056,1009,NLR,1000,50,observed
2025-09-28,ad,0.034,1009,NLR,1000,50,observed
2025-09-29,ad,0.023,1009,NLR,1000,50,observed
2025-09-30,ad,0.024,1009,NLR,1000,50,observed
2025-10-01,ad,0.024,1009,NLR,1000,50,observed
2025-07-01,led,0.0,1009,NLR,1000,50,observed
2025-07-02,led,0.0,1009,NLR,1000,50,observed
2025-07-03,led,0.0,1009,NLR,1000,50,observed
2025-07-04,led,0.0,1009,NLR,1000,50,observed
2025-07-05,led,0.0,1009,NLR,1000,50,observed
2025-07-06,led,0.0,1009,NLR,1000,50,observed
2025-07-07,led,0.0,1009,NLR,1000,50,observed
2025-07-08,led,0.0,1009,NLR,1000,50,observed
2025-07-09,led,0.0,1009,NLR,1000,50,observed
2025-07-10,led,0.0,1009,NLR,1000,50,observed
2025-07-11,led,0.0,1009,NLR,1000,50,observed
2025-07-12,led,0.0,1009,NLR,1000,50,observed
2025-07-13,led,0.0,1009,NLR,1000,50,observed
2025-07-14,led,0.0,1009,NLR,1000,50,observed
2025-07-15,led,0.0,1009,NLR,1000,50,observed
2025-07-16,led,0.0,1009,NLR,1000,50,observed
2025-07-17,led,0.0,1009,NLR,1000,50,observed
2025-07-18,led,0.0,1009,NLR,1000,50,observed
2025-07-19,led,0.0,1009,NLR,1000,50,observed
2025-07-20,led,0.0,1009,NLR,1000,50,observed
2025-07-21,led,0.0,1009,NLR,1000,50,observed
2025-07-22,led,0.0,1009,NLR,1000,50,observed
2025-07-23,led,0.0,1009,NLR,1000,50,observed
2025-07-24,led,0.0,1009,NLR,1000,50,observed
2025-07-25,led,0.0,1009,NLR,1000,50,observed
2025-07-26,led,0.0,1009,NLR,1000,50,observed
2025-07-27,led,0.0,1009,NLR,1000,50,observed
2025-07-28,led,0.0,1009,NLR,1000,50,observed
2025-07-29,led,0.28,1009,NLR,1000,50,observed
2025-07-30,led,0.308,1009,NLR,1000,50,observed
2025-07-31,led,0.343,1009,NLR,1000,50,observed
2025-08-01,led,0.359,1009,NLR,1000,50,observed
2025-08-02,led,0.381,1009,NLR,1000,50,observed
2025-08-03,led,0.375,1009,NLR,1000,50,observed
2025-08-04,led,0.371,1009,NLR,1000,50,observed
2025-08-05,led,0.364,1009,NLR,1000,50,observed
2025-08-06,led,0.344,1009,NLR,1000,50,observed
2025-08-07,led,0.331,1009,NLR,1000,50,observed
2025-08-08,led,0.328,1009,NLR,1000,50,observed
2025-08-09,led,0.335,1009,NLR,1000,50,observed
2025-08-10,led,0.338,1009,NLR,1000,50,observed
2025-08-11,led,0.331,1009,NLR,1000,50,observed
2025-08-12,led,0.306,1009,NLR,1000,50,observed
2025-08-13,led,0.292,1009,NLR,1000,50,observed
2025-08-14,led,0.285,1009,NLR,1000,50,observed
2025-08-15,led,0.282,1009,NLR,1000,50,observed
2025-08-16,led,0.273,1009,NLR,1000,50,observed
2025-08-17,led,0.27,1009,NLR,1000,50,observed
2025-08-18,led,0.28,1009,NLR,1000,50,observed
2025-08-19,led,0.275,1009,NLR,1000,50,observed
2025-08-20,led,0.275,1009,NLR,1000,50,observed
2025-08-21,led,0.294,1009,NLR,1000,50,observed
2025-08-22,led,0.303,1009,NLR,1000,50,observed
2025-08-23,led,0.281,1009,NLR,1000,50,observed
2025-08-24,led,0.281,1009,NLR,1000,50,observed
2025-08-25,led,0.286,1009,NLR,1000,50,observed
2025-08-26,led,0.291,1009,NLR,1000,50,observed
2025-08-27,led,0.275,1009,NLR,1000,50,observed
2025-08-28,led,0.283,1009,NLR,1000,50,observed
2025-08-29,led,0.277,1009,NLR,1000,50,observed
2025-08-30,led,0.266,1009,NLR,1000,50,observed
2025-08-31,led,0.263,1009,NLR,1000,50,observed
2025-09-01,led,0.246,1009,NLR,1000,50,observed
2025-09-02,led,0.247,1009,NLR,1000,50,observed
2025-09-03,led,0.237,1009,NLR,1000,50,observed
2025-09-04,led,0.241,1009,NLR,1000,50,observed
2025-09-05,led,0.255,1009,NLR,1000,50,observed
2025-09-06,led,0.282,1009,NLR,1000,50,observed
2025-09-07,led,0.32,1009,NLR,1000,50,observed
2025-09-08,led,0.362,1009,NLR,1000,50,observed
2025-09-09,led,0.404,1009,NLR,1000,50,observed
2025-09-10,led,0.482,1009,NLR,1000,50,observed
2025-09-11,led,0.526,1009,NLR,1000,50,observed
2025-09-12,led,0.607,1009,NLR,1000,50,observed
2025-09-13,led,0.689,1009,NLR,1000,50,observed
2025-09-14,led,0.765,1009,NLR,1000,50,observed
2025-09-15,led,0.839,1009,NLR,1000,50,observed
2025-09-16,led,0.898,1009,NLR,1000,50,observed
2025-09-17,led,0.939,1009,NLR,1000,50,observed
2025-09-18,led,0.963,1009,NLR,1000,50,observed
2025-09-19,led,0.979,1009,NLR,1000,50,observed
2025-09-20,led,0.986,1009,NLR,1000,50,observed
2025-09-21,led,0.992,1009,NLR,1000,50,observed
2025-09-22,led,0.993,1009,NLR,1000,50,observed
2025-09-23,led,0.994,1009,NLR,1000,50,observed
2025-09-24,led,0.993,1009,NLR,1000,50,observed
2025-09-25,led,0.99,1009,NLR,1000,50,observed
2025-09-26,led,0.989,1009,NLR,1000,50,observed
2025-09-27,led,0.988,1009,NLR,1000,50,observed
2025-09-28,led,0.983,1009,NLR,1000,50,observed
2025-09-29,led,0.973,1009,NLR,1000,50,observed
2025-09-30,led,0.953,1009,NLR,1000,50,observed
2025-10-01,led,0.934,1009,NLR,1000,50,observed
2025-09-01,ad,0.023,1009,NLR,1000,50,true_negative
2025-09-02,ad,0.024,1009,NLR,1000,50,true_negative
2025-09-03,ad,0.025,1009,NLR,1000,50,true_negative
2025-09-04,ad,0.033,1009,NLR,1000,50,true_negative
2025-09-05,ad,0.03,1009,NLR,1000,50,true_negative
2025-09-06,ad,0.024,1009,NLR,1000,50,true_negative
2025-09-07,ad,0.019,1009,NLR,1000,50,true_negative
2025-09-08,ad,0.021,1009,NLR,1000,50,true_negative
2025-09-09,ad,0.021,1009,NLR,1000,50,true_negative
2025-09-10,ad,0.024,1009,NLR,1000,50,true_negative
2025-09-11,ad,0.018,1009,NLR,1000,50,true_negative
2025-09-12,ad,0.02,1009,NLR,1000,50,true_negative
2025-09-13,ad,0.019,1009,NLR,1000,50,true_negative
2025-09-14,ad,0.017,1009,NLR,1000,50,true_negative
2025-09-15,ad,0.018,1009,NLR,1000,50,true_negative
2025-09-01,led,0.436,1009,NLR,1000,50,true_negative
2025-09-02,led,0.423,1009,NLR,1000,50,true_negative
2025-09-03,led,0.429,1009,NLR,1000,50,true_negative
2025-09-04,led,0.414,1009,NLR,1000,50,true_negative
2025-09-05,led,0.422,1009,NLR,1000,50,true_negative
2025-09-06,led,0.411,1009,NLR,1000,50,true_negative
2025-09-07,led,0.419,1009,NLR,1000,50,true_negative
2025-09-08,led,0.418,1009,NLR,1000,50,true_negative
2025-09-09,led,0.42,1009,NLR,1000,50,true_negative
2025-09-10,led,0.413,1009,NLR,1000,50,true_negative
2025-09-11,led,0.42,1009,NLR,1000,50,true_negative
2025-09-12,led,0.425,1009,NLR,1000,50,true_negative
2025-09-13,led,0.422,1009,NLR,1000,50,true_negative
2025-09-14,led,0.428,1009,NLR,1000,50,true_negative
2025-09-15,led,0.422,1009,NLR,1000,50,true_negative
2025-07-01,ad,0.0,1010,PLR,1000,50,observed
2025-07-02,ad,0.0,1010,PLR,1000,50,observed
2025-07-03,ad,0.0,1010,PLR,1000,50,observed
2025-07-04,ad,0.0,1010,PLR,1000,50,observed
2025-07-05,ad,0.0,1010,PLR,1000,50,observed
2025-07-06,ad,0.0,1010,PLR,1000,50,observed
2025-07-07,ad,0.0,1010,PLR,1000,50,observed
2025-07-08,ad,0.0,1010,PLR,1000,50,observed
2025-07-09,ad,0.0,1010,PLR,1000,50,observed
2025-07-10,ad,0.0,1010,PLR,1000,50,observed
2025-07-11,ad,0.0,1010,PLR,1000,50,observed
2025-07-12,ad,0.0,1010,PLR,1000,50,observed
2025-07-13,ad,0.0,1010,PLR,1000,50,observed
2025-07-14,ad,0.0,1010,PLR,1000,50,observed
2025-07-15,ad,0.0,1010,PLR,1000,50,observed
2025-07-16,ad,0.015,1010,PLR,1000,50,observed
2025-07-17,ad,0.008,1010,PLR,1000,50,observed
2025-07-18,ad,0.012,1010,PLR,1000,50,observed
2025-07-19,ad,0.016,1010,PLR,1000,50,observed
2025-07-20,ad,0.017,1010,PLR,1000,50,observed
2025-07-21,ad,0.016,1010,PLR,1000,50,observed
2025-07-22,ad,0.02,1010,PLR,1000,50,observed
2025-07-23,ad,0.024,1010,PLR,1000,50,observed
2025-07-24,ad,0.029,1010,PLR,1000,50,observed
2025-07-25,ad,0.026,1010,PLR,1000,50,observed
2025-07-26,ad,0.026,1010,PLR,1000,50,observed
2025-07-27,ad,0.037,1010,PLR,1000,50,observed
2025-07-28,ad,0.038,1010,PLR,1000,50,observed
2025-07-29,ad,0.028,1010,PLR,1000,50,observed
2025-07-30,ad,0.034,1010,PLR,1000,50,observed
2025-07-31,ad,0.05,1010,PLR,1000,50,observed
2025-08-01,ad,0.039,1010,PLR,1000,50,observed
2025-08-02,ad,0.025,1010,PLR,1000,50,observed
2025-08-03,ad,0.023,1010,PLR,1000,50,observed
2025-08-04,ad,0.025,1010,PLR,1000,50,observed
2025-08-05,ad,0.015,1010,PLR,1000,50,observed
2025-08-06,ad,0.012,1010,PLR,1000,50,observed
2025-08-07,ad,0.009,1010,PLR,1000,50,observed
2025-08-08,ad,0.017,1010,PLR,1000,50,observed
2025-08-09,ad,0.03,1010,PLR,1000,50,observed
2025-08-10,ad,0.024,1010,PLR,1000,50,observed
2025-08-11,ad,0.016,1010,PLR,1000,50,observed
2025-08-12,ad,0.019,1010,PLR,1000,50,observed
2025-08-13,ad,0.02,1010,PLR,1000,50,observed
2025-08-14,ad,0.01,1010,PLR,1000,50,observed
2025-08-15,ad,0.013,1010,PLR,1000,50,observed
2025-08-16,ad,0.021,1010,PLR,1000,50,observed
2025-08-17,ad,0.027,1010,PLR,1000,50,observed
2025-08-18,ad,0.039,1010,PLR,1000,50,observed
2025-08-19,ad,0.045,1010,PLR,1000,50,observed
2025-08-20,ad,0.044,1010,PLR,1000,50,observed
2025-08-21,ad,0.051,1010,PLR,1000,50,observed
2025-08-22,ad,0.037,1010,PLR,1000,50,observed
2025-08-23,ad,0.034,1010,PLR,1000,50,observed
2025-08-24,ad,0.037,1010,PLR,1000,50,observed
2025-08-25,ad,0.046,1010,PLR,1000,50,observed
2025-08-26,ad,0.051,1010,PLR,1000,50,observed
2025-08-27,ad,0.043,1010,PLR,1000,50,observed
2025-08-28,ad,0.061,1010,PLR,1000,50,observed
2025-08-29,ad,0.054,1010,PLR,1000,50,observed
2025-08-30,ad,0.037,1010,PLR,1000,50,observed
2025-08-31,ad,0.04,1010,PLR,1000,50,observed
2025-09-01,ad,0.022,1010,PLR,1000,50,observed
2025-09-02,ad,0.021,1010,PLR,1000,50,observed
2025-09-03,ad,0.024,1010,PLR,1000,50,observed
2025-09-04,ad,0.03,1010,PLR,1000,50,observed
2025-09-05,ad,0.034,1010,PLR,1000,50,observed
2025-09-06,ad,0.044,1010,PLR,1000,50,observed
2025-09-07,ad,0.053,1010,PLR,1000,50,observed
2025-09-08,ad,0.055,1010,PLR,1000,50,observed
2025-09-09,ad,0.069,1010,PLR,1000,50,observed
2025-09-10,ad,0.096,1010,PLR,1000,50,observed
2025-09-11,ad,0.106,1010,PLR,1000,50,observed
2025-09-12,ad,0.113,1010,PLR,1000,50,observed
2025-09-13,ad,0.181,1010,PLR,1000,50,observed
2025-09-14,ad,0.205,1010,PLR,1000,50,observed
2025-09-15,ad,0.284,1010,PLR,1000,50,observed
2025-09-16,ad,0.299,1010,PLR,1000,50,observed
2025-09-17,ad,0.338,1010,PLR,1000,50,observed
2025-09-18,ad,0.333,1010,PLR,1000,50,observed
2025-09-19,ad,0.302,1010,PLR,1000,50,observed
2025-09-20,ad,0.223,1010,PLR,1000,50,observed
2025-09-21,ad,0.244,1010,PLR,1000,50,observed
2025-09-22,ad,0.241,1010,PLR,1000,50,observed
2025-09-23,ad,0.189,1010,PLR,1000,50,observed
2025-09-24,ad,0.132,1010,PLR,1000,50,observed
2025-09-25,ad,0.135,1010,PLR,1000,50,observed
2025-09-26,ad,0.129,1010,PLR,1000,50,observed
2025-09-27,ad,0.054,1010,PLR,1000,50,observed
2025-09-28,ad,0.044,1010,PLR,1000,50,observed
2025-09-29,ad,0.031,1010,PLR,1000,50,observed
2025-09-30,ad,0.039,1010,PLR,1000,50,observed
2025-10-01,ad,0.024,1010,PLR,1000,50,observed
2025-07-01,led,0.0,1010,PLR,1000,50,observed
2025-07-02,led,0.0,1010,PLR,1000,50,observed
2025-07-03,led,0.0,1010,PLR,1000,50,observed
2025-07-04,led,0.0,1010,PLR,1000,50,observed
2025-07-05,led,0.0,1010,PLR,1000,50,observed
2025-07-06,led,0.0,1010,PLR,1000,50,observed
2025-07-07,led,0.0,1010,PLR,1000,50,observed
2025-07-08,led,0.0,1010,PLR,1000,50,observed
2025-07-09,led,0.0,1010,PLR,1000,50,observed
2025-07-10,led,0.0,1010,PLR,1000,50,observed
2025-07-11,led,0.0,1010,PLR,1000,50,observed
2025-07-12,led,0.0,1010,PLR,1000,50,observed
2025-07-13,led,0.0,1010,PLR,1000,50,observed
2025-07-14,led,0.0,1010,PLR,1000,50,observed
2025-07-15,led,0.0,1010,PLR,1000,50,observed
2025-07-16,led,0.0,1010,PLR,1000,50,observed
2025-07-17,led,0.0,1010,PLR,1000,50,observed
2025-07-18,led,0.0,1010,PLR,1000,50,observed
2025-07-19,led,0.0,1010,PLR,1000,50,observed
2025-07-20,led,0.0,1010,PLR,1000,50,observed
2025-07-21,led,0.0,1010,PLR,1000,50,observed
2025-07-22,led,0.0,1010,PLR,1000,50,observed
2025-07-23,led,0.0,1010,PLR,1000,50,observed
2025-07-24,led,0.0,1010,PLR,1000,50,observed
2025-07-25,led,0.0,1010,PLR,1000,50,observed
2025-07-26,led,0.0,1010,PLR,1000,50,observed
2025-07-27,led,0.0,1010,PLR,1000,50,observed
2025-07-28,led,0.0,1010,PLR,1000,50,observed
2025-07-29,led,0.364,1010,PLR,1000,50,observed
2025-07-30,led,0.404,1010,PLR,1000,50,observed
2025-07-31,led,0.447,1010,PLR,1000,50,observed
2025-08-01,led,0.466,1010,PLR,1000,50,observed
2025-08-02,led,0.469,1010,PLR,1000,50,observed
2025-08-03,led,0.451,1010,PLR,1000,50,observed
2025-08-04,led,0.476,1010,PLR,1000,50,observed
2025-08-05,led,0.477,1010,PLR,1000,50,observed
2025-08-06,led,0.474,1010,PLR,1000,50,observed
2025-08-07,led,0.467,1010,PLR,1000,50,observed
2025-08-08,led,0.442,1010,PLR,1000,50,observed
2025-08-09,led,0.444,1010,PLR,1000,50,observed
2025-08-10,led,0.441,1010,PLR,1000,50,observed
2025-08-11,led,0.43,1010,PLR,1000,50,observed
2025-08-12,led,0.412,1010,PLR,1000,50,observed
2025-08-13,led,0.396,1010,PLR,1000,50,observed
2025-08-14,led,0.379,1010,PLR,1000,50,observed
2025-08-15,led,0.37,1010,PLR,1000,50,observed
2025-08-16,led,0.366,1010,PLR,1000,50,observed
2025-08-17,led,0.381,1010,PLR,1000,50,observed
2025-08-18,led,0.377,1010,PLR,1000,50,observed
2025-08-19,led,0.397,1010,PLR,1000,50,observed
2025-08-20,led,0.404,1010,PLR,1000,50,observed
2025-08-21,led,0.415,1010,PLR,1000,50,observed
2025-08-22,led,0.419,1010,PLR,1000,50,observed
2025-08-23,led,0.424,1010,PLR,1000,50,observed
2025-08-24,led,0.436,1010,PLR,1000,50,observed
2025-08-25,led,0.475,1010,PLR,1000,50,observed
2025-08-26,led,0.495,1010,PLR,1000,50,observed
2025-08-27,led,0.508,1010,PLR,1000,50,observed
2025-08-28,led,0.508,1010,PLR,1000,50,observed
2025-08-29,led,0.533,1010,PLR,1000,50,observed
2025-08-30,led,0.56,1010,PLR,1000,50,observed
2025-08-31,led,0.567,1010,PLR,1000,50,observed
2025-09-01,led,0.561,1010,PLR,1000,50,observed
2025-09-02,led,0.549,1010,PLR,1000,50,observed
2025-09-03,led,0.533,1010,PLR,1000,50,observed
2025-09-04,led,0.521,1010,PLR,1000,50,observed
2025-09-05,led,0.516,1010,PLR,1000,50,observed
2025-09-06,led,0.527,1010,PLR,1000,50,observed
2025-09-07,led,0.529,1010,PLR,1000,50,observed
2025-09-08,led,0.534,1010,PLR,1000,50,observed
2025-09-09,led,0.553,1010,PLR,1000,50,observed
2025-09-10,led,0.578,1010,PLR,1000,50,observed
2025-09-11,led,0.6,1010,PLR,1000,50,observed
2025-09-12,led,0.613,1010,PLR,1000,50,observed
2025-09-13,led,0.634,1010,PLR,1000,50,observed
2025-09-14,led,0.666,1010,PLR,1000,50,observed
2025-09-15,led,0.725,1010,PLR,1000,50,observed
2025-09-16,led,0.773,1010,PLR,1000,50,observed
2025-09-17,led,0.817,1010,PLR,1000,50,observed
2025-09-18,led,0.838,1010,PLR,1000,50,observed
2025-09-19,led,0.861,1010,PLR,1000,50,observed
2025-09-20,led,0.883,1010,PLR,1000,50,observed
2025-09-21,led,0.903,1010,PLR,1000,50,observed
2025-09-22,led,0.921,1010,PLR,1000,50,observed
2025-09-23,led,0.923,1010,PLR,1000,50,observed
2025-09-24,led,0.926,1010,PLR,1000,50,observed
2025-09-25,led,0.925,1010,PLR,1000,50,observed
2025-09-26,led,0.918,1010,PLR,1000,50,observed
2025-09-27,led,0.906,1010,PLR,1000,50,observed
2025-09-28,led,0.9,1010,PLR,1000,50,observed
2025-09-29,led,0.884,1010,PLR,1000,50,observed
2025-09-30,led,0.856,1010,PLR,1000,50,observed
2025-10-01,led,0.811,1010,PLR,1000,50,observed
2025-09-01,ad,0.017,1010,PLR,1000,50,true_negative
2025-09-02,ad,0.022,1010,PLR,1000,50,true_negative
2025-09-03,ad,0.023,1010,PLR,1000,50,true_negative
2025-09-04,ad,0.025,1010,PLR,1000,50,true_negative
2025-09-05,ad,0.033,1010,PLR,1000,50,true_negative
2025-09-06,ad,0.024,1010,PLR,1000,50,true_negative
2025-09-07,ad,0.03,1010,PLR,1000,50,true_negative
2025-09-08,ad,0.021,1010,PLR,1000,50,true_negative
2025-09-09,ad,0.024,1010,PLR,1000,50,true_negative
2025-09-10,ad,0.017,1010,PLR,1000,50,true_negative
2025-09-11,ad,0.016,1010,PLR,1000,50,true_negative
2025-09-12,ad,0.017,1010,PLR,1000,50,true_negative
2025-09-13,ad,0.022,1010,PLR,1000,50,true_negative
2025-09-14,ad,0.02,1010,PLR,1000,50,true_negative
2025-09-15,ad,0.026,1010,PLR,1000,50,true_negative
2025-09-01,led,0.412,1010,PLR,1000,50,true_negative
2025-09-02,led,0.42,1010,PLR,1000,50,true_negative
2025-09-03,led,0.405,1010,PLR,1000,50,true_negative
2025-09-04,led,0.414,1010,PLR,1000,50,true_negative
2025-09-05,led,0.403,1010,PLR,1000,50,true_negative
2025-09-06,led,0.42,1010,PLR,1000,50,true_negative
2025-09-07,led,0.415,1010,PLR,1000,50,true_negative
2025-09-08,led,0.425,1010,PLR,1000,50,true_negative
2025-09-09,led,0.42,1010,PLR,1000,50,true_negative
2025-09-10,led,0.429,1010,PLR,1000,50,true_negative
2025-09-11,led,0.428,1010,PLR,1000,50,true_negative
2025-09-12,led,0.426,1010,PLR,1000,50,true_negative
2025-09-13,led,0.41,1010,PLR,1000,50,true_negative
2025-09-14,led,0.423,1010,PLR,1000,50,true_negative
2025-09-15,led,0.425,1010,PLR,1000,50,true_negative
2025-07-01,ad,0.0,1011,NMR,1000,50,observed
2025-07-02,ad,0.0,1011,NMR,1000,50,observed
2025-07-03,ad,0.0,1011,NMR,1000,50,observed
2025-07-04,ad,0.0,1011,NMR,1000,50,observed
2025-07-05,ad,0.0,1011,NMR,1000,50,observed
2025-07-06,ad,0.0,1011,NMR,1000,50,observed
2025-07-07,ad,0.0,1011,NMR,1000,50,observed
2025-07-08,ad,0.0,1011,NMR,1000,50,observed
2025-07-09,ad,0.0,1011,NMR,1000,50,observed
2025-07-10,ad,0.0,1011,NMR,1000,50,observed
2025-07-11,ad,0.0,1011,NMR,1000,50,observed
2025-07-12,ad,0.0,1011,NMR,1000,50,observed
2025-07-13,ad,0.0,1011,NMR,1000,50,observed
2025-07-14,ad,0.0,1011,NMR,1000,50,observed
2025-07-15,ad,0.0,1011,NMR,1000,50,observed
2025-07-16,ad,0.01,1011,NMR,1000,50,observed
2025-07-17,ad,0.007,1011,NMR,1000,50,observed
2025-07-18,ad,0.005,1011,NMR,1000,50,observed
2025-07-19,ad,0.003,1011,NMR,1000,50,observed
2025-07-20,ad,0.004,1011,NMR,1000,50,observed
2025-07-21,ad,0.004,1011,NMR,1000,50,observed
2025-07-22,ad,0.004,1011,NMR,1000,50,observed
2025-07-23,ad,0.015,1011,NMR,1000,50,observed
2025-07-24,ad,0.013,1011,NMR,1000,50,observed
2025-07-25,ad,0.02,1011,NMR,1000,50,observed
2025-07-26,ad,0.018,1011,NMR,1000,50,observed
2025-07-27,ad,0.03,1011,NMR,1000,50,observed
2025-07-28,ad,0.039,1011,NMR,1000,50,observed
2025-07-29,ad,0.038,1011,NMR,1000,50,observed
2025-07-30,ad,0.026,1011,NMR,1000,50,observed
2025-07-31,ad,0.025,1011,NMR,1000,50,observed
2025-08-01,ad,0.023,1011,NMR,1000,50,observed
2025-08-02,ad,0.012,1011,NMR,1000,50,observed
2025-08-03,ad,0.023,1011,NMR,1000,50,observed
2025-08-04,ad,0.024,1011,NMR,1000,50,observed
2025-08-05,ad,0.019,1011,NMR,1000,50,observed
2025-08-06,ad,0.017,1011,NMR,1000,50,observed
2025-08-07,ad,0.009,1011,NMR,1000,50,observed
2025-08-08,ad,0.01,1011,NMR,1000,50,observed
2025-08-09,ad,0.016,1011,NMR,1000,50,observed
2025-08-10,ad,0.015,1011,NMR,1000,50,observed
2025-08-11,ad,0.01,1011,NMR,1000,50,observed
2025-08-12,ad,0.005,1011,NMR,1000,50,observed
2025-08-13,ad,0.006,1011,NMR,1000,50,observed
2025-08-14,ad,0.012,1011,NMR,1000,50,observed
2025-08-15,ad,0.019,1011,NMR,1000,50,observed
2025-08-16,ad,0.024,1011,NMR,1000,50,observed
2025-08-17,ad,0.022,1011,NMR,1000,50,observed
2025-08-18,ad,0.035,1011,NMR,1000,50,observed
2025-08-19,ad,0.036,1011,NMR,1000,50,observed
2025-08-20,ad,0.027,1011,NMR,1000,50,observed
2025-08-21,ad,0.032,1011,NMR,1000,50,observed
2025-08-22,ad,0.027,1011,NMR,1000,50,observed
2025-08-23,ad,0.018,1011,NMR,1000,50,observed
2025-08-24,ad,0.016,1011,NMR,1000,50,observed
2025-08-25,ad,0.015,1011,NMR,1000,50,observed
2025-08-26,ad,0.023,1011,NMR,1000,50,observed
2025-08-27,ad,0.013,1011,NMR,1000,50,observed
2025-08-28,ad,0.016,1011,NMR,1000,50,observed
2025-08-29,ad,0.01,1011,NMR,1000,50,observed
2025-08-30,ad,0.014,1011,NMR,1000,50,observed
2025-08-31,ad,0.007,1011,NMR,1000,50,observed
2025-09-01,ad,0.005,1011,NMR,1000,50,observed
2025-09-02,ad,0.002,1011,NMR,1000,50,observed
2025-09-03,ad,0.005,1011,NMR,1000,50,observed
2025-09-04,ad,0.01,1011,NMR,1000,50,observed
2025-09-05,ad,0.016,1011,NMR,1000,50,observed
2025-09-06,ad,0.029,1011,NMR,1000,50,observed
2025-09-07,ad,0.033,1011,NMR,1000,50,observed
2025-09-08,ad,0.046,1011,NMR,1000,50,observed
2025-09-09,ad,0.054,1011,NMR,1000,50,observed
2025-09-10,ad,0.089,1011,NMR,1000,50,observed
2025-09-11,ad,0.097,1011,NMR,1000,50,observed
2025-09-12,ad,0.166,1011,NMR,1000,50,observed
2025-09-13,ad,0.234,1011,NMR,1000,50,observed
2025-09-14,ad,0.26,1011,NMR,1000,50,observed
2025-09-15,ad,0.377,1011,NMR,1000,50,observed
2025-09-16,ad,0.372,1011,NMR,1000,50,observed
2025-09-17,ad,0.362,1011,NMR,1000,50,observed
2025-09-18,ad,0.367,1011,NMR,1000,50,observed
2025-09-19,ad,0.291,1011,NMR,1000,50,observed
2025-09-20,ad,0.238,1011,NMR,1000,50,observed
2025-09-21,ad,0.273,1011,NMR,1000,50,observed
2025-09-22,ad,0.216,1011,NMR,1000,50,observed
2025-09-23,ad,0.177,1011,NMR,1000,50,observed
2025-09-24,ad,0.149,1011,NMR,1000,50,observed
2025-09-25,ad,0.138,1011,NMR,1000,50,observed
2025-09-26,ad,0.138,1011,NMR,1000,50,observed
2025-09-27,ad,0.092,1011,NMR,1000,50,observed
2025-09-28,ad,0.075,1011,NMR,1000,50,observed
2025-09-29,ad,0.077,1011,NMR,1000,50,observed
2025-09-30,ad,0.085,1011,NMR,1000,50,observed
2025-10-01,ad,0.084,1011,NMR,1000,50,observed
2025-07-01,led,0.0,1011,NMR,1000,50,observed
2025-07-02,led,0.0,1011,NMR,1000,50,observed
2025-07-03,led,0.0,1011,NMR,1000,50,observed
2025-07-04,led,0.0,1011,NMR,1000,50,observed
2025-07-05,led,0.0,1011,NMR,1000,50,observed
2025-07-06,led,0.0,1011,NMR,1000,50,observed
2025-07-07,led,0.0,1011,NMR,1000,50,observed
2025-07-08,led,0.0,1011,NMR,1000,50,observed
2025-07-09,led,0.0,1011,NMR,1000,50,observed
2025-07-10,led,0.0,1011,NMR,1000,50,observed
2025-07-11,led,0.0,1011,NMR,1000,50,observed
2025-07-12,led,0.0,1011,NMR,1000,50,observed
2025-07-13,led,0.0,1011,NMR,1000,50,observed
2025-07-14,led,0.0,1011,NMR,1000,50,observed
2025-07-15,led,0.0,1011,NMR,1000,50,observed
2025-07-16,led,0.0,1011,NMR,1000,50,observed
2025-07-17,led,0.0,1011,NMR,1000,50,observed
2025-07-18,led,0.0,1011,NMR,1000,50,observed
2025-07-19,led,0.0,1011,NMR,1000,50,observed
2025-07-20,led,0.0,1011,NMR,1000,50,observed
2025-07-21,led,0.0,1011,NMR,1000,50,observed
2025-07-22,led,0.0,1011,NMR,1000,50,observed
2025-07-23,led,0.0,1011,NMR,1000,50,observed
2025-07-24,led,0.0,1011,NMR,1000,50,observed
2025-07-25,led,0.0,1011,NMR,1000,50,observed
2025-07-26,led,0.0,1011,NMR,1000,50,observed
2025-07-27,led,0.0,1011,NMR,1000,50,observed
2025-07-28,led,0.0,1011,NMR,1000,50,observed
2025-07-29,led,0.24,1011,NMR,1000,50,observed
2025-07-30,led,0.264,1011,NMR,1000,50,observed
2025-07-31,led,0.259,1011,NMR,1000,50,observed
2025-08-01,led,0.276,1011,NMR,1000,50,observed
2025-08-02,led,0.291,1011,NMR,1000,50,observed
2025-08-03,led,0.293,1011,NMR,1000,50,observed
2025-08-04,led,0.307,1011,NMR,1000,50,observed
2025-08-05,led,0.305,1011,NMR,1000,50,observed
2025-08-06,led,0.31,1011,NMR,1000,50,observed
2025-08-07,led,0.296,1011,NMR,1000,50,observed
2025-08-08,led,0.295,1011,NMR,1000,50,observed
2025-08-09,led,0.291,1011,NMR,1000,50,observed
2025-08-10,led,0.285,1011,NMR,1000,50,observed
2025-08-11,led,0.289,1011,NMR,1000,50,observed
2025-08-12,led,0.28,1011,NMR,1000,50,observed
2025-08-13,led,0.269,1011,NMR,1000,50,observed
2025-08-14,led,0.266,1011,NMR,1000,50,observed
2025-08-15,led,0.263,1011,NMR,1000,50,observed
2025-08-16,led,0.274,1011,NMR,1000,50,observed
2025-08-17,led,0.276,1011,NMR,1000,50,observed
2025-08-18,led,0.281,1011,NMR,1000,50,observed
2025-08-19,led,0.287,1011,NMR,1000,50,observed
2025-08-20,led,0.298,1011,NMR,1000,50,observed
2025-08-21,led,0.308,1011,NMR,1000,50,observed
2025-08-22,led,0.325,1011,NMR,1000,50,observed
2025-08-23,led,0.337,1011,NMR,1000,50,observed
2025-08-24,led,0.347,1011,NMR,1000,50,observed
2025-08-25,led,0.343,1011,NMR,1000,50,observed
2025-08-26,led,0.368,1011,NMR,1000,50,observed
2025-08-27,led,0.375,1011,NMR,1000,50,observed
2025-08-28,led,0.371,1011,NMR,1000,50,observed
2025-08-29,led,0.373,1011,NMR,1000,50,observed
2025-08-30,led,0.366,1011,NMR,1000,50,observed
2025-08-31,led,0.362,1011,NMR,1000,50,observed
2025-09-01,led,0.34,1011,NMR,1000,50,observed
2025-09-02,led,0.339,1011,NMR,1000,50,observed
2025-09-03,led,0.321,1011,NMR,1000,50,observed
2025-09-04,led,0.302,1011,NMR,1000,50,observed
2025-09-05,led,0.298,1011,NMR,1000,50,observed
2025-09-06,led,0.327,1011,NMR,1000,50,observed
2025-09-07,led,0.34,1011,NMR,1000,50,observed
2025-09-08,led,0.358,1011,NMR,1000,50,observed
2025-09-09,led,0.379,1011,NMR,1000,50,observed
2025-09-10,led,0.426,1011,NMR,1000,50,observed
2025-09-11,led,0.458,1011,NMR,1000,50,observed
2025-09-12,led,0.502,1011,NMR,1000,50,observed
2025-09-13,led,0.571,1011,NMR,1000,50,observed
2025-09-14,led,0.622,1011,NMR,1000,50,observed
2025-09-15,led,0.696,1011,NMR,1000,50,observed
2025-09-16,led,0.748,1011,NMR,1000,50,observed
2025-09-17,led,0.793,1011,NMR,1000,50,observed
2025-09-18,led,0.832,1011,NMR,1000,50,observed
2025-09-19,led,0.873,1011,NMR,1000,50,observed
2025-09-20,led,0.883,1011,NMR,1000,50,observed
2025-09-21,led,0.899,1011,NMR,1000,50,observed
2025-09-22,led,0.915,1011,NMR,1000,50,observed
2025-09-23,led,0.931,1011,NMR,1000,50,observed
2025-09-24,led,0.933,1011,NMR,1000,50,observed
2025-09-25,led,0.937,1011,NMR,1000,50,observed
2025-09-26,led,0.941,1011,NMR,1000,50,observed
2025-09-27,led,0.933,1011,NMR,1000,50,observed
2025-09-28,led,0.929,1011,NMR,1000,50,observed
2025-09-29,led,0.918,1011,NMR,1000,50,observed
2025-09-30,led,0.91,1011,NMR,1000,50,observed
2025-10-01,led,0.9,1011,NMR,1000,50,observed
2025-09-01,ad,0.019,1011,NMR,1000,50,true_negative
2025-09-02,ad,0.023,1011,NMR,1000,50,true_negative
2025-09-03,ad,0.021,1011,NMR,1000,50,true_negative
2025-09-04,ad,0.022,1011,NMR,1000,50,true_negative
2025-09-05,ad,0.029,1011,NMR,1000,50,true_negative
2025-09-06,ad,0.027,1011,NMR,1000,50,true_negative
2025-09-07,ad,0.033,1011,NMR,1000,50,true_negative
2025-09-08,ad,0.03,1011,NMR,1000,50,true_negative
2025-09-09,ad,0.026,1011,NMR,1000,50,true_negative
2025-09-10,ad,0.027,1011,NMR,1000,50,true_negative
2025-09-11,ad,0.024,1011,NMR,1000,50,true_negative
2025-09-12,ad,0.026,1011,NMR,1000,50,true_negative
2025-09-13,ad,0.028,1011,NMR,1000,50,true_negative
2025-09-14,ad,0.026,1011,NMR,1000,50,true_negative
2025-09-15,ad,0.026,1011,NMR,1000,50,true_negative
2025-09-01,led,0.404,1011,NMR,1000,50,true_negative
2025-09-02,led,0.412,1011,NMR,1000,50,true_negative
2025-09-03,led,0.415,1011,NMR,1000,50,true_negative
2025-09-04,led,0.427,1011,NMR,1000,50,true_negative
2025-09-05,led,0.418,1011,NMR,1000,50,true_negative
2025-09-06,led,0.43,1011,NMR,1000,50,true_negative
2025-09-07,led,0.425,1011,NMR,1000,50,true_negative
2025-09-08,led,0.427,1011,NMR,1000,50,true_negative
2025-09-09,led,0.419,1011,NMR,1000,50,true_negative
2025-09-10,led,0.41,1011,NMR,1000,50,true_negative
2025-09-11,led,0.429,1011,NMR,1000,50,true_negative
2025-09-12,led,0.42,1011,NMR,1000,50,true_negative
2025-09-13,led,0.424,1011,NMR,1000,50,true_negative
2025-09-14,led,0.419,1011,NMR,1000,50,true_negative
2025-09-15,led,0.427,1011,NMR,1000,50,true_negative
2025-07-01,ad,0.0,8,CRP,1000,50,observed
2025-07-02,ad,0.0,8,CRP,1000,50,observed
2025-07-03,ad,0.0,8,CRP,1000,50,observed
2025-07-04,ad,0.0,8,CRP,1000,50,observed
2025-07-05,ad,0.0,8,CRP,1000,50,observed
2025-07-06,ad,0.0,8,CRP,1000,50,observed
2025-07-07,ad,0.0,8,CRP,1000,50,observed
2025-07-08,ad,0.0,8,CRP,1000,50,observed
2025-07-09,ad,0.0,8,CRP,1000,50,observed
2025-07-10,ad,0.0,8,CRP,1000,50,observed
2025-07-11,ad,0.0,8,CRP,1000,50,observed
2025-07-12,ad,0.0,8,CRP,1000,50,observed
2025-07-13,ad,0.0,8,CRP,1000,50,observed
2025-07-14,ad,0.0,8,CRP,1000,50,observed
2025-07-15,ad,0.0,8,CRP,1000,50,observed
2025-07-16,ad,0.031,8,CRP,1000,50,observed
2025-07-17,ad,0.03,8,CRP,1000,50,observed
2025-07-18,ad,0.067,8,CRP,1000,50,observed
2025-07-19,ad,0.023,8,CRP,1000,50,observed
2025-07-20,ad,0.048,8,CRP,1000,50,observed
2025-07-21,ad,0.055,8,CRP,1000,50,observed
2025-07-22,ad,0.026,8,CRP,1000,50,observed
2025-07-23,ad,0.023,8,CRP,1000,50,observed
2025-07-24,ad,0.009,8,CRP,1000,50,observed
2025-07-25,ad,0.008,8,CRP,1000,50,observed
2025-07-26,ad,0.017,8,CRP,1000,50,observed
2025-07-27,ad,0.036,8,CRP,1000,50,observed
2025-07-28,ad,0.043,8,CRP,1000,50,observed
2025-07-29,ad,0.056,8,CRP,1000,50,observed
2025-07-30,ad,0.032,8,CRP,1000,50,observed
2025-07-31,ad,0.042,8,CRP,1000,50,observed
2025-08-01,ad,0.047,8,CRP,1000,50,observed
2025-08-02,ad,0.067,8,CRP,1000,50,observed
2025-08-03,ad,0.038,8,CRP,1000,50,observed
2025-08-04,ad,0.025,8,CRP,1000,50,observed
2025-08-05,ad,0.026,8,CRP,1000,50,observed
2025-08-06,ad,0.038,8,CRP,1000,50,observed
2025-08-07,ad,0.031,8,CRP,1000,50,observed
2025-08-08,ad,0.034,8,CRP,1000,50,observed
2025-08-09,ad,0.023,8,CRP,1000,50,observed
2025-08-10,ad,0.023,8,CRP,1000,50,observed
2025-08-11,ad,0.01,8,CRP,1000,50,observed
2025-08-12,ad,0.006,8,CRP,1000,50,observed
2025-08-13,ad,0.014,8,CRP,1000,50,observed
2025-08-14,ad,0.008,8,CRP,1000,50,observed
2025-08-15,ad,0.003,8,CRP,1000,50,observed
2025-08-16,ad,0.005,8,CRP,1000,50,observed
2025-08-17,ad,0.002,8,CRP,1000,50,observed
2025-08-18,ad,0.015,8,CRP,1000,50,observed
2025-08-19,ad,0.01,8,CRP,1000,50,observed
2025-08-20,ad,0.016,8,CRP,1000,50,observed
2025-08-21,ad,0.022,8,CRP,1000,50,observed
2025-08-22,ad,0.013,8,CRP,1000,50,observed
2025-08-23,ad,0.022,8,CRP,1000,50,observed
2025-08-24,ad,0.027,8,CRP,1000,50,observed
2025-08-25,ad,0.036,8,CRP,1000,50,observed
2025-08-26,ad,0.046,8,CRP,1000,50,observed
2025-08-27,ad,0.03,8,CRP,1000,50,observed
2025-08-28,ad,0.029,8,CRP,1000,50,observed
2025-08-29,ad,0.052,8,CRP,1000,50,observed
2025-08-30,ad,0.033,8,CRP,1000,50,observed
2025-08-31,ad,0.027,8,CRP,1000,50,observed
2025-09-01,ad,0.015,8,CRP,1000,50,observed
2025-09-02,ad,0.033,8,CRP,1000,50,observed
2025-09-03,ad,0.038,8,CRP,1000,50,observed
2025-09-04,ad,0.023,8,CRP,1000,50,observed
2025-09-05,ad,0.034,8,CRP,1000,50,observed
2025-09-06,ad,0.029,8,CRP,1000,50,observed
2025-09-07,ad,0.055,8,CRP,1000,50,observed
2025-09-08,ad,0.065,8,CRP,1000,50,observed
2025-09-09,ad,0.087,8,CRP,1000,50,observed
2025-09-10,ad,0.087,8,CRP,1000,50,observed
2025-09-11,ad,0.102,8,CRP,1000,50,observed
2025-09-12,ad,0.077,8,CRP,1000,50,observed
2025-09-13,ad,0.113,8,CRP,1000,50,observed
2025-09-14,ad,0.142,8,CRP,1000,50,observed
2025-09-15,ad,0.212,8,CRP,1000,50,observed
2025-09-16,ad,0.142,8,CRP,1000,50,observed
2025-09-17,ad,0.114,8,CRP,1000,50,observed
2025-09-18,ad,0.09,8,CRP,1000,50,observed
2025-09-19,ad,0.077,8,CRP,1000,50,observed
2025-09-20,ad,0.075,8,CRP,1000,50,observed
2025-09-21,ad,0.049,8,CRP,1000,50,observed
2025-09-22,ad,0.061,8,CRP,1000,50,observed
2025-09-23,ad,0.032,8,CRP,1000,50,observed
2025-09-24,ad,0.033,8,CRP,1000,50,observed
2025-09-25,ad,0.032,8,CRP,1000,50,observed
2025-09-26,ad,0.047,8,CRP,1000,50,observed
2025-09-27,ad,0.031,8,CRP,1000,50,observed
2025-09-28,ad,0.031,8,CRP,1000,50,observed
2025-09-29,ad,0.018,8,CRP,1000,50,observed
2025-09-30,ad,0.025,8,CRP,1000,50,observed
2025-10-01,ad,0.028,8,CRP,1000,50,observed
2025-07-01,led,0.0,8,CRP,1000,50,observed
2025-07-02,led,0.0,8,CRP,1000,50,observed
2025-07-03,led,0.0,8,CRP,1000,50,observed
2025-07-04,led,0.0,8,CRP,1000,50,observed
2025-07-05,led,0.0,8,CRP,1000,50,observed
2025-07-06,led,0.0,8,CRP,1000,50,observed
2025-07-07,led,0.0,8,CRP,1000,50,observed
2025-07-08,led,0.0,8,CRP,1000,50,observed
2025-07-09,led,0.0,8,CRP,1000,50,observed
2025-07-10,led,0.0,8,CRP,1000,50,observed
2025-07-11,led,0.0,8,CRP,1000,50,observed
2025-07-12,led,0.0,8,CRP,1000,50,observed
2025-07-13,led,0.0,8,CRP,1000,50,observed
2025-07-14,led,0.0,8,CRP,1000,50,observed
2025-07-15,led,0.0,8,CRP,1000,50,observed
2025-07-16,led,0.0,8,CRP,1000,50,observed
2025-07-17,led,0.0,8,CRP,1000,50,observed
2025-07-18,led,0.0,8,CRP,1000,50,observed
2025-07-19,led,0.0,8,CRP,1000,50,observed
2025-07-20,led,0.0,8,CRP,1000,50,observed
2025-07-21,led,0.0,8,CRP,1000,50,observed
2025-07-22,led,0.0,8,CRP,1000,50,observed
2025-07-23,led,0.0,8,CRP,1000,50,observed
2025-07-24,led,0.0,8,CRP,1000,50,observed
2025-07-25,led,0.0,8,CRP,1000,50,observed
2025-07-26,led,0.0,8,CRP,1000,50,observed
2025-07-27,led,0.0,8,CRP,1000,50,observed
2025-07-28,led,0.0,8,CRP,1000,50,observed
2025-07-29,led,0.472,8,CRP,1000,50,observed
2025-07-30,led,0.486,8,CRP,1000,50,observed
2025-07-31,led,0.511,8,CRP,1000,50,observed
2025-08-01,led,0.493,8,CRP,1000,50,observed
2025-08-02,led,0.513,8,CRP,1000,50,observed
2025-08-03,led,0.49,8,CRP,1000,50,observed
2025-08-04,led,0.462,8,CRP,1000,50,observed
2025-08-05,led,0.454,8,CRP,1000,50,observed
2025-08-06,led,0.455,8,CRP,1000,50,observed
2025-08-07,led,0.459,8,CRP,1000,50,observed
2025-08-08,led,0.476,8,CRP,1000,50,observed
2025-08-09,led,0.466,8,CRP,1000,50,observed
2025-08-10,led,0.447,8,CRP,1000,50,observed
2025-08-11,led,0.421,8,CRP,1000,50,observed
2025-08-12,led,0.389,8,CRP,1000,50,observed
2025-08-13,led,0.372,8,CRP,1000,50,observed
2025-08-14,led,0.348,8,CRP,1000,50,observed
2025-08-15,led,0.313,8,CRP,1000,50,observed
2025-08-16,led,0.284,8,CRP,1000,50,observed
2025-08-17,led,0.259,8,CRP,1000,50,observed
2025-08-18,led,0.247,8,CRP,1000,50,observed
2025-08-19,led,0.237,8,CRP,1000,50,observed
2025-08-20,led,0.219,8,CRP,1000,50,observed
2025-08-21,led,0.202,8,CRP,1000,50,observed
2025-08-22,led,0.192,8,CRP,1000,50,observed
2025-08-23,led,0.18,8,CRP,1000,50,observed
2025-08-24,led,0.178,8,CRP,1000,50,observed
2025-08-25,led,0.171,8,CRP,1000,50,observed
2025-08-26,led,0.194,8,CRP,1000,50,observed
2025-08-27,led,0.18,8,CRP,1000,50,observed
2025-08-28,led,0.182,8,CRP,1000,50,observed
2025-08-29,led,0.202,8,CRP,1000,50,observed
2025-08-30,led,0.217,8,CRP,1000,50,observed
2025-08-31,led,0.247,8,CRP,1000,50,observed
2025-09-01,led,0.252,8,CRP,1000,50,observed
2025-09-02,led,0.27,8,CRP,1000,50,observed
2025-09-03,led,0.294,8,CRP,1000,50,observed
2025-09-04,led,0.323,8,CRP,1000,50,observed
2025-09-05,led,0.352,8,CRP,1000,50,observed
2025-09-06,led,0.386,8,CRP,1000,50,observed
2025-09-07,led,0.425,8,CRP,1000,50,observed
2025-09-08,led,0.453,8,CRP,1000,50,observed
2025-09-09,led,0.487,8,CRP,1000,50,observed
2025-09-10,led,0.514,8,CRP,1000,50,observed
2025-09-11,led,0.56,8,CRP,1000,50,observed
2025-09-12,led,0.572,8,CRP,1000,50,observed
2025-09-13,led,0.595,8,CRP,1000,50,observed
2025-09-14,led,0.621,8,CRP,1000,50,observed
2025-09-15,led,0.665,8,CRP,1000,50,observed
2025-09-16,led,0.685,8,CRP,1000,50,observed
2025-09-17,led,0.7,8,CRP,1000,50,observed
2025-09-18,led,0.721,8,CRP,1000,50,observed
2025-09-19,led,0.733,8,CRP,1000,50,observed
2025-09-20,led,0.748,8,CRP,1000,50,observed
2025-09-21,led,0.746,8,CRP,1000,50,observed
2025-09-22,led,0.748,8,CRP,1000,50,observed
2025-09-23,led,0.734,8,CRP,1000,50,observed
2025-09-24,led,0.708,8,CRP,1000,50,observed
2025-09-25,led,0.677,8,CRP,1000,50,observed
2025-09-26,led,0.662,8,CRP,1000,50,observed
2025-09-27,led,0.644,8,CRP,1000,50,observed
2025-09-28,led,0.623,8,CRP,1000,50,observed
2025-09-29,led,0.579,8,CRP,1000,50,observed
2025-09-30,led,0.547,8,CRP,1000,50,observed
2025-10-01,led,0.522,8,CRP,1000,50,observed
2025-09-01,ad,0.038,8,CRP,1000,50,true_negative
2025-09-02,ad,0.039,8,CRP,1000,50,true_negative
2025-09-03,ad,0.033,8,CRP,1000,50,true_negative
2025-09-04,ad,0.026,8,CRP,1000,50,true_negative
2025-09-05,ad,0.022,8,CRP,1000,50,true_negative
2025-09-06,ad,0.022,8,CRP,1000,50,true_negative
2025-09-07,ad,0.023,8,CRP,1000,50,true_negative
2025-09-08,ad,0.017,8,CRP,1000,50,true_negative
2025-09-09,ad,0.017,8,CRP,1000,50,true_negative
2025-09-10,ad,0.017,8,CRP,1000,50,true_negative
2025-09-11,ad,0.018,8,CRP,1000,50,true_negative
2025-09-12,ad,0.016,8,CRP,1000,50,true_negative
2025-09-13,ad,0.024,8,CRP,1000,50,true_negative
2025-09-14,ad,0.022,8,CRP,1000,50,true_negative
2025-09-15,ad,0.026,8,CRP,1000,50,true_negative
2025-09-01,led,0.44,8,CRP,1000,50,true_negative
2025-09-02,led,0.439,8,CRP,1000,50,true_negative
2025-09-03,led,0.441,8,CRP,1000,50,true_negative
2025-09-04,led,0.449,8,CRP,1000,50,true_negative
2025-09-05,led,0.439,8,CRP,1000,50,true_negative
2025-09-06,led,0.428,8,CRP,1000,50,true_negative
2025-09-07,led,0.419,8,CRP,1000,50,true_negative
2025-09-08,led,0.424,8,CRP,1000,50,true_negative
2025-09-09,led,0.419,8,CRP,1000,50,true_negative
2025-09-10,led,0.42,8,CRP,1000,50,true_negative
2025-09-11,led,0.421,8,CRP,1000,50,true_negative
2025-09-12,led,0.413,8,CRP,1000,50,true_negative
2025-09-13,led,0.412,8,CRP,1000,50,true_negative
2025-09-14,led,0.405,8,CRP,1000,50,true_negative
2025-09-15,led,0.399,8,CRP,1000,50,true_negative
